"date";"siteName";"labName";"flowRate";"popServ";"PMMV";"measure";"value";"value_load";"value_pmmv"
2024-09-02;"Aalst";"Sciensano Foodborne Pathogens";761.88;98357;61367.6;"SARS";23.88;443942643228.24;0.000389130420612832
2024-09-02;"Antwerpen-Noord";"University of Antwerpen Laboratory for Microbiology, Parasitology and Hygiene (LMPH)";769.5;73974;32419.42;"SARS";19.65;490572633628.031;0.000606118184717678
2024-09-02;"Antwerpen-Zuid";"University of Antwerpen Laboratory for Microbiology, Parasitology and Hygiene (LMPH)";1779.08;178677;40202.1;"SARS";24.54;586425201229.033;0.000610415873797637
2024-09-02;"Arlon";"Sciensano Foodborne Pathogens";405.83;19440;77968.8;"SARS";18.615;932657462962.963;0.000238749345892203
2024-09-02;"Basse Wavre (Dyle)";"Sciensano Foodborne Pathogens";670.54;78290;70686.25;"SARS";NA;NA;NA
2024-09-02;"Brugge";"Sciensano Foodborne Pathogens";1681.67;180586;37965.56;"SARS";10.48;234222829233.717;0.000276039652780046
2024-09-02;"Brussels-North";"Sciensano Foodborne Pathogens";11179.17;1080145;134863.09;"SARS";72.825;1808919480810.45;0.000539992076408749
2024-09-02;"Brussels-South";"Sciensano Foodborne Pathogens";1971;249307;171339.05;"SARS";126.315;2396725627439.26;0.000737222483724522
2024-09-02;"Dendermonde";"University of Antwerpen Laboratory for Microbiology, Parasitology and Hygiene (LMPH)";598.71;69500;55367.37;"SARS";28.195;582928176690.647;0.000509234951922044
2024-09-02;"Genk";"University of Antwerpen Laboratory for Microbiology, Parasitology and Hygiene (LMPH)";2023.29;68582;12343.5;"SARS";12.12;858147320288.122;0.000981893304168186
2024-09-02;"Gent";"Sciensano Foodborne Pathogens";1586.38;220130;50176.31;"SARS";15.16;262203470312.997;0.000302134612927894
2024-09-02;"Grimbergen";"Sciensano Foodborne Pathogens";821.38;107643;63084.84;"SARS";32.99;604159888520.387;0.000522946558951406
2024-09-02;"Harelbeke";"Sciensano Foodborne Pathogens";978.17;107894;66402.94;"SARS";67.24;1463039297087.88;0.00101260576715429
2024-09-02;"Hasselt";"University of Antwerpen Laboratory for Microbiology, Parasitology and Hygiene (LMPH)";1474.13;69586;37510.61;"SARS";34.065;1731942808610.93;0.000908143056058006
2024-09-02;"Leuven";"Sciensano Foodborne Pathogens";1036.63;120939;66041.89;"SARS";34.35;706635388088.21;0.00052012442405873
2024-09-02;"Liège Oupeye";"Sciensano Foodborne Pathogens";5658.75;253780;41441.4;"SARS";13.11;701579754117.74;0.000316350316350316
2024-09-02;"Liège Sclessin";"Sciensano Foodborne Pathogens";1312.5;142240;28092.79;"SARS";15.665;346911909448.819;0.000557616384844652
2024-09-02;"Marche-en-Famenne";"Sciensano Foodborne Pathogens";177.25;8633;34349.03;"SARS";52.465;2585267114560.41;0.00152740848868221
2024-09-02;"Marchienne-au-Pont";"Sciensano Foodborne Pathogens";715;52017;46652.42;"SARS";34.24;1129550723801.83;0.000733938346606671
2024-09-02;"Mechelen-Noord";"University of Antwerpen Laboratory for Microbiology, Parasitology and Hygiene (LMPH)";908.5;98143;34236.9;"SARS";11.815;262488674688.974;0.000345095496379637
2024-09-02;"Montignies-sur-Sambre";"Sciensano Foodborne Pathogens";1536;123576;71387.05;"SARS";35.86;1069740920567.1;0.000502332005594852
2024-09-02;"Mornimont";"Sciensano Foodborne Pathogens";275.42;34139;51807.76;"SARS";15.05;291401927414.394;0.000290497022067737
2024-09-02;"Namur-Brumagne";"Sciensano Foodborne Pathogens";773.79;82175;83281.77;"SARS";33.615;759674865104.959;0.000403629749944075
2024-09-02;"Oostende";"Sciensano Foodborne Pathogens";1510.71;135491;29245.94;"SARS";12.08;323257665232.377;0.000413048785575023
2024-09-02;"Roselies";"Sciensano Foodborne Pathogens";1232;96890;50175.63;"SARS";13.23;403740984621.736;0.000263673819342179
2024-09-02;"Tessenderlo";"University of Antwerpen Laboratory for Microbiology, Parasitology and Hygiene (LMPH)";921.21;45125;16777.8;"SARS";11.505;563688654182.826;0.000685727568572757
2024-09-02;"Vallée du Hain (l'Orchis)";"Sciensano Foodborne Pathogens";422.63;57826;100488.58;"SARS";43.095;755919061321.897;0.000428854701698442
2024-09-02;"Wasmuel";"Sciensano Foodborne Pathogens";708.19;157343;21703.5;"SARS";8.36;90306681326.7829;0.000385191328587555
2024-09-09;"Aalst";"Sciensano Foodborne Pathogens";2446.96;98357;53505.07;"SARS";31.26;1866473428835.77;0.000584243698774714
2024-09-09;"Antwerpen-Noord";"University of Antwerpen Laboratory for Microbiology, Parasitology and Hygiene (LMPH)";NA;73974;10966.5;"SARS";14.255;NA;0.00129986777914558
2024-09-09;"Antwerpen-Zuid";"University of Antwerpen Laboratory for Microbiology, Parasitology and Hygiene (LMPH)";3842.17;178677;79364.41;"SARS";35.86;1850671988448.43;0.000451839810816964
2024-09-09;"Arlon";"Sciensano Foodborne Pathogens";409.75;19440;26541.5;"SARS";14.295;723132870370.37;0.00053859050920257
2024-09-09;"Basse Wavre (Dyle)";"Sciensano Foodborne Pathogens";742.5;78290;504.16;"SARS";NA;NA;NA
2024-09-09;"Brugge";"Sciensano Foodborne Pathogens";7177.08;180586;25325.72;"SARS";NA;NA;NA
2024-09-09;"Brussels-North";"Sciensano Foodborne Pathogens";32141.88;1080145;34017.43;"SARS";14.095;1006619959949.82;0.00041434641006096
2024-09-09;"Brussels-South";"Sciensano Foodborne Pathogens";7880;249307;75048.22;"SARS";37.23;2824203732747.18;0.00049608105295502
2024-09-09;"Dendermonde";"University of Antwerpen Laboratory for Microbiology, Parasitology and Hygiene (LMPH)";2703.04;69500;38517.19;"SARS";11.405;1064569940719.42;0.000296101558810495
2024-09-09;"Deurne";"University of Antwerpen Laboratory for Microbiology, Parasitology and Hygiene (LMPH)";3182.92;215592;40824.9;"SARS";17.415;617060578871.201;0.000426577897312669
2024-09-09;"Genk";"University of Antwerpen Laboratory for Microbiology, Parasitology and Hygiene (LMPH)";1779.83;68582;10420.2;"SARS";11.355;707239904931.323;0.00108971037024241
2024-09-09;"Gent";"Sciensano Foodborne Pathogens";4897.63;220130;32755.42;"SARS";9.69;517418267750.874;0.000295828904040919
2024-09-09;"Grimbergen";"Sciensano Foodborne Pathogens";3154;107643;39866.54;"SARS";17.25;1213043114740.39;0.000432693682471566
2024-09-09;"Harelbeke";"Sciensano Foodborne Pathogens";3339.83;107894;23547.11;"SARS";20.47;1520744139989.25;0.000869321118387777
2024-09-09;"Hasselt";"University of Antwerpen Laboratory for Microbiology, Parasitology and Hygiene (LMPH)";1964.63;69586;837.99;"SARS";NA;NA;NA
2024-09-09;"Leuven";"Sciensano Foodborne Pathogens";2686.79;120939;37380.45;"SARS";10.24;545982280653.883;0.000273939987346327
2024-09-09;"Liedekerke";"Sciensano Foodborne Pathogens";3119.83;101075;26237.65;"SARS";14.69;1088228805144.69;0.000559882458985465
2024-09-09;"Liège Oupeye";"Sciensano Foodborne Pathogens";8157.08;253780;10857.73;"SARS";NA;NA;NA
2024-09-09;"Liège Sclessin";"Sciensano Foodborne Pathogens";4592.92;142240;23698.9;"SARS";16.105;1248070471316.09;0.000679567406082139
2024-09-09;"Marche-en-Famenne";"Sciensano Foodborne Pathogens";183.04;8633;13998.01;"SARS";16.47;838087005675.895;0.00117659581611958
2024-09-09;"Marchienne-au-Pont";"Sciensano Foodborne Pathogens";1522;52017;6914;"SARS";NA;NA;NA
2024-09-09;"Mechelen-Noord";"University of Antwerpen Laboratory for Microbiology, Parasitology and Hygiene (LMPH)";2461.08;98143;8461.8;"SARS";NA;NA;NA
2024-09-09;"Montignies-sur-Sambre";"Sciensano Foodborne Pathogens";2655;123576;474.19;"SARS";NA;NA;NA
2024-09-09;"Mornimont";"Sciensano Foodborne Pathogens";892.08;34139;23693.54;"SARS";9.34;585748419110.109;0.000394200275686959
2024-09-09;"Namur-Brumagne";"Sciensano Foodborne Pathogens";1292.33;82175;29314.47;"SARS";14.68;554078132765.44;0.000500776578938661
2024-09-09;"Oostende";"Sciensano Foodborne Pathogens";2952.33;135491;40806.71;"SARS";21.33;1115466542870.01;0.000522708152654306
2024-09-09;"Roselies";"Sciensano Foodborne Pathogens";1928;96890;15411.64;"SARS";9.205;439605490762.721;0.000597275825285304
2024-09-09;"Tessenderlo";"University of Antwerpen Laboratory for Microbiology, Parasitology and Hygiene (LMPH)";1089.83;45125;2700;"SARS";NA;NA;NA
2024-09-09;"Vallée du Hain (l'Orchis)";"Sciensano Foodborne Pathogens";1648;57826;23303.5;"SARS";NA;NA;NA
2024-09-09;"Wasmuel";"Sciensano Foodborne Pathogens";699.9;157343;25289.1;"SARS";11.8;125974260056.056;0.000466604189156593
2024-09-16;"Aalst";"Sciensano Foodborne Pathogens";940.13;98357;58515.82;"SARS";48.27;1107314987647.04;0.000824905128220027
2024-09-16;"Antwerpen-Noord";"University of Antwerpen Laboratory for Microbiology, Parasitology and Hygiene (LMPH)";842.21;73974;40075.9;"SARS";56.995;1557360984670.29;0.00142217642024259
2024-09-16;"Antwerpen-Zuid";"University of Antwerpen Laboratory for Microbiology, Parasitology and Hygiene (LMPH)";1840.67;178677;52494.3;"SARS";33.785;835299933847.11;0.000643593685409654
2024-09-16;"Arlon";"Sciensano Foodborne Pathogens";300.67;19440;59369.86;"SARS";88.765;3294934882716.05;0.001495118903767
2024-09-16;"Basse Wavre (Dyle)";"Sciensano Foodborne Pathogens";653.17;78290;46410.24;"SARS";27.875;558143734832.035;0.000600621759335871
2024-09-16;"Brugge";"Sciensano Foodborne Pathogens";2157.63;180586;32950.01;"SARS";15.25;437294463579.679;0.000462822317808098
2024-09-16;"Brussels-North";"Sciensano Foodborne Pathogens";11308.33;1080145;98831.46;"SARS";87.75;2204828331381.44;0.000887875176588507
2024-09-16;"Brussels-South";"Sciensano Foodborne Pathogens";2397;249307;96396.3;"SARS";49.09;1132759818216.1;0.00050925191112107
2024-09-16;"Dendermonde";"University of Antwerpen Laboratory for Microbiology, Parasitology and Hygiene (LMPH)";771.58;69500;5689.24;"SARS";10.21;272040234820.144;0.00179461580105603
2024-09-16;"Deurne";"University of Antwerpen Laboratory for Microbiology, Parasitology and Hygiene (LMPH)";1822.67;215592;90695.43;"SARS";78.195;1586593350217.08;0.000862171335424508
2024-09-16;"Genk";"University of Antwerpen Laboratory for Microbiology, Parasitology and Hygiene (LMPH)";1612.04;68582;24478.2;"SARS";38.015;2144528906126.97;0.00155301451904143
2024-09-16;"Gent";"Sciensano Foodborne Pathogens";1719.96;220130;43118.71;"SARS";25.945;486523732703.403;0.000601710951000158
2024-09-16;"Grimbergen";"Sciensano Foodborne Pathogens";1014.17;107643;68514.67;"SARS";64.57;1460047532677.46;0.000942425906743767
2024-09-16;"Harelbeke";"Sciensano Foodborne Pathogens";1079.79;107894;62407.6;"SARS";99.12;2380754106067.07;0.00158826809555246
2024-09-16;"Hasselt";"University of Antwerpen Laboratory for Microbiology, Parasitology and Hygiene (LMPH)";922.92;69586;3377.7;"SARS";NA;NA;NA
2024-09-16;"Leuven";"Sciensano Foodborne Pathogens";1080.33;120939;54475.29;"SARS";53.675;1150729794359.14;0.000985309119051959
2024-09-16;"Liedekerke";"Sciensano Foodborne Pathogens";1029.13;101075;48033.8;"SARS";36.14;883132522186.495;0.00075238686091877
2024-09-16;"Liège Oupeye";"Sciensano Foodborne Pathogens";3159.17;253780;33458.88;"SARS";25.675;767074061785.799;0.000767359815989059
2024-09-16;"Liège Sclessin";"Sciensano Foodborne Pathogens";1338.33;142240;56810.9;"SARS";68.16;1539154771653.54;0.00119976976249276
2024-09-16;"Marche-en-Famenne";"Sciensano Foodborne Pathogens";189.29;8633;37663.93;"SARS";168.61;8872796080157.54;0.00447669693523751
2024-09-16;"Marchienne-au-Pont";"Sciensano Foodborne Pathogens";792;52017;12412.76;"SARS";NA;NA;NA
2024-09-16;"Mechelen-Noord";"University of Antwerpen Laboratory for Microbiology, Parasitology and Hygiene (LMPH)";1111.29;98143;47798.71;"SARS";40.705;1106183249747.82;0.000851592019952003
2024-09-16;"Montignies-sur-Sambre";"Sciensano Foodborne Pathogens";1899;123576;29351.87;"SARS";21.44;790727519906.778;0.000730447497893661
2024-09-16;"Mornimont";"Sciensano Foodborne Pathogens";362.5;34139;61562.18;"SARS";29.825;760061806145.464;0.000484469523333969
2024-09-16;"Namur-Brumagne";"Sciensano Foodborne Pathogens";654.79;82175;45464.33;"SARS";41.825;799851782172.193;0.000919951971138693
2024-09-16;"Oostende";"Sciensano Foodborne Pathogens";1620.25;135491;19285.81;"SARS";29.975;860284336228.974;0.0015542515455664
2024-09-16;"Roselies";"Sciensano Foodborne Pathogens";1447;96890;1549.55;"SARS";NA;NA;NA
2024-09-16;"Tessenderlo";"University of Antwerpen Laboratory for Microbiology, Parasitology and Hygiene (LMPH)";432.5;45125;26459.1;"SARS";20.5;471556786703.601;0.000774780699267927
2024-09-16;"Vallée du Hain (l'Orchis)";"Sciensano Foodborne Pathogens";496;57826;29995.06;"SARS";22.78;468946702175.492;0.000759458390815021
2024-09-16;"Wasmuel";"Sciensano Foodborne Pathogens";617.69;157343;35012.13;"SARS";31.365;295515100385.781;0.000895832387232654
2024-09-23;"Aalst";"Sciensano Foodborne Pathogens";1000.33;98357;30589.1;"SARS";13.135;320611679087.406;0.000429401322693378
2024-09-23;"Antwerpen-Noord";"University of Antwerpen Laboratory for Microbiology, Parasitology and Hygiene (LMPH)";1038.63;73974;8634.6;"SARS";12.64;425931809554.708;0.00146387788664211
2024-09-23;"Antwerpen-Zuid";"University of Antwerpen Laboratory for Microbiology, Parasitology and Hygiene (LMPH)";3117.5;178677;9654.3;"SARS";9.21;385663627663.326;0.0009539790559647
2024-09-23;"Arlon";"Sciensano Foodborne Pathogens";355.08;19440;40540.32;"SARS";101.53;4450774370370.37;0.00250442029071305
2024-09-23;"Basse Wavre (Dyle)";"Sciensano Foodborne Pathogens";723.29;78290;17468.9;"SARS";11.325;251105150083.025;0.000648294969917968
2024-09-23;"Brugge";"Sciensano Foodborne Pathogens";2460.5;180586;75154.51;"SARS";93.695;3063846112101.71;0.00124669830193823
2024-09-23;"Brussels-North";"Sciensano Foodborne Pathogens";11558.33;1080145;107319.05;"SARS";57.755;1483248302737.13;0.000538161677726368
2024-09-23;"Dendermonde";"University of Antwerpen Laboratory for Microbiology, Parasitology and Hygiene (LMPH)";800.13;69500;25517.45;"SARS";22.83;630801769208.633;0.00089468187456035
2024-09-23;"Deurne";"University of Antwerpen Laboratory for Microbiology, Parasitology and Hygiene (LMPH)";3465.96;215592;25488;"SARS";12.975;500621518423.689;0.000509063088512241
2024-09-23;"Genk";"University of Antwerpen Laboratory for Microbiology, Parasitology and Hygiene (LMPH)";1561.04;68582;10852.2;"SARS";15.48;845641102330.057;0.0014264388787527
2024-09-23;"Gent";"Sciensano Foodborne Pathogens";1841.88;220130;45050.54;"SARS";24.745;496913503111.797;0.000549271995407824
2024-09-23;"Grimbergen";"Sciensano Foodborne Pathogens";996.25;107643;43065.52;"SARS";44.175;981228923385.636;0.00102576260544398
2024-09-23;"Harelbeke";"Sciensano Foodborne Pathogens";1001.5;107894;34889.4;"SARS";30.905;688483678425.121;0.000885799125235745
2024-09-23;"Hasselt";"University of Antwerpen Laboratory for Microbiology, Parasitology and Hygiene (LMPH)";1086.46;69586;2600.1;"SARS";NA;NA;NA
2024-09-23;"Leuven";"Sciensano Foodborne Pathogens";1891.92;120939;19137.3;"SARS";16.45;617608890432.367;0.000859577892388163
2024-09-23;"Liedekerke";"Sciensano Foodborne Pathogens";1149.92;101075;49074.28;"SARS";57.77;1577384201434.58;0.00117719506022299
2024-09-23;"Liège Oupeye";"Sciensano Foodborne Pathogens";2983.75;253780;53200.41;"SARS";66.985;1890139431791.32;0.00125910683771046
2024-09-23;"Liège Sclessin";"Sciensano Foodborne Pathogens";1302.08;142240;32716.07;"SARS";36.25;796407199100.112;0.00110801816966402
2024-09-23;"Marche-en-Famenne";"Sciensano Foodborne Pathogens";296.5;8633;1403.48;"SARS";NA;NA;NA
2024-09-23;"Marchienne-au-Pont";"Sciensano Foodborne Pathogens";724;52017;43761.9;"SARS";29.24;976746525174.462;0.000668161117318946
2024-09-23;"Mechelen-Noord";"University of Antwerpen Laboratory for Microbiology, Parasitology and Hygiene (LMPH)";2120.79;98143;3200.4;"SARS";NA;NA;NA
2024-09-23;"Montignies-sur-Sambre";"Sciensano Foodborne Pathogens";1526;123576;71029.96;"SARS";37.585;1113899980578.75;0.000529142913778918
2024-09-23;"Mornimont";"Sciensano Foodborne Pathogens";459.58;34139;69436.94;"SARS";39.56;1278138302820.82;0.000569725566823653
2024-09-23;"Namur-Brumagne";"Sciensano Foodborne Pathogens";781.75;82175;59284.06;"SARS";113.545;2592432357773.05;0.0019152703104342
2024-09-23;"Oostende";"Sciensano Foodborne Pathogens";1676.25;135491;35659.6;"SARS";38.355;1138837007624.12;0.00107558693872057
2024-09-23;"Roselies";"Sciensano Foodborne Pathogens";1305;96890;57866.5;"SARS";42.63;1378028279492.21;0.000736695670206423
2024-09-23;"Tessenderlo";"University of Antwerpen Laboratory for Microbiology, Parasitology and Hygiene (LMPH)";424.75;45125;20384.1;"SARS";10.595;239347213296.399;0.0005197678582817
2024-09-23;"Vallée du Hain (l'Orchis)";"Sciensano Foodborne Pathogens";487;57826;45621.04;"SARS";45.835;926433576591.844;0.00100468994130778
2024-09-23;"Wasmuel";"Sciensano Foodborne Pathogens";561.59;157343;32034.32;"SARS";17.95;153761509568.268;0.000560336539061856
2024-09-30;"Aalst";"Sciensano Foodborne Pathogens";1901.04;98357;38679.73;"SARS";29.155;1352415902071.03;0.00075375396881002
2024-09-30;"Antwerpen-Noord";"University of Antwerpen Laboratory for Microbiology, Parasitology and Hygiene (LMPH)";1101.92;73974;36763.2;"SARS";22.9;818686608808.5;0.000622905514209862
2024-09-30;"Antwerpen-Zuid";"University of Antwerpen Laboratory for Microbiology, Parasitology and Hygiene (LMPH)";2470.17;178677;51284.7;"SARS";32.145;1066554034151.01;0.00062679512603174
2024-09-30;"Arlon";"Sciensano Foodborne Pathogens";885.17;19440;29865.44;"SARS";26.6;2906854567901.23;0.000890661580743495
2024-09-30;"Basse Wavre (Dyle)";"Sciensano Foodborne Pathogens";840.88;78290;11027.02;"SARS";NA;NA;NA
2024-09-30;"Brugge";"Sciensano Foodborne Pathogens";4541.67;180586;26818.99;"SARS";12.76;770182085432.979;0.000475782272188475
2024-09-30;"Brussels-North";"Sciensano Foodborne Pathogens";14658.33;1080145;89216.4;"SARS";44.205;1439743318128.58;0.000495480651539403
2024-09-30;"Brussels-South";"Sciensano Foodborne Pathogens";2581;249307;104167.85;"SARS";77.475;1924980606240.5;0.000743751550982381
2024-09-30;"Dendermonde";"University of Antwerpen Laboratory for Microbiology, Parasitology and Hygiene (LMPH)";1275.83;69500;23259.29;"SARS";13.31;586404511079.137;0.000572244466619574
2024-09-30;"Deurne";"University of Antwerpen Laboratory for Microbiology, Parasitology and Hygiene (LMPH)";2476.13;215592;34632;"SARS";13.685;377221852944.451;0.00039515477015477
2024-09-30;"Genk";"University of Antwerpen Laboratory for Microbiology, Parasitology and Hygiene (LMPH)";2038.42;68582;NA;"SARS";31.985;2281608481525.77;NA
2024-09-30;"Gent";"Sciensano Foodborne Pathogens";3717.38;220130;60342.28;"SARS";30.64;1241817361013.95;0.000507770008027539
2024-09-30;"Grimbergen";"Sciensano Foodborne Pathogens";1504.92;107643;43805.58;"SARS";25.11;842530391014.743;0.000573214645257522
2024-09-30;"Harelbeke";"Sciensano Foodborne Pathogens";3033.58;107894;39957.13;"SARS";36.16;2440044921126.29;0.000904969901491924
2024-09-30;"Hasselt";"University of Antwerpen Laboratory for Microbiology, Parasitology and Hygiene (LMPH)";1354.25;69586;2224.8;"SARS";NA;NA;NA
2024-09-30;"Leuven";"Sciensano Foodborne Pathogens";1370.71;120939;33548.42;"SARS";46.77;1272207113338.13;0.00139410440193607
2024-09-30;"Liedekerke";"Sciensano Foodborne Pathogens";2027;101075;12429.14;"SARS";NA;NA;NA
2024-09-30;"Liège Oupeye";"Sciensano Foodborne Pathogens";3509.58;253780;33914.24;"SARS";45.14;1498202612026.16;0.00133100432148855
2024-09-30;"Liège Sclessin";"Sciensano Foodborne Pathogens";1407.08;142240;23928.02;"SARS";17.995;427228424071.991;0.000752047181505198
2024-09-30;"Marche-en-Famenne";"Sciensano Foodborne Pathogens";546.21;8633;2684.14;"SARS";NA;NA;NA
2024-09-30;"Marchienne-au-Pont";"Sciensano Foodborne Pathogens";799;52017;34109.71;"SARS";33.48;1234235884422.4;0.000981538687957183
2024-09-30;"Mechelen-Noord";"University of Antwerpen Laboratory for Microbiology, Parasitology and Hygiene (LMPH)";1530.79;98143;23671.8;"SARS";20.62;771891378091.153;0.000871078667443963
2024-09-30;"Montignies-sur-Sambre";"Sciensano Foodborne Pathogens";2081;123576;44295.89;"SARS";29.55;1194281413866.77;0.00066710478105305
2024-09-30;"Mornimont";"Sciensano Foodborne Pathogens";368.33;34139;25287.42;"SARS";22.515;583001256041.478;0.000890363666993311
2024-09-30;"Namur-Brumagne";"Sciensano Foodborne Pathogens";673.5;82175;45106.15;"SARS";38.425;755828049893.52;0.000851879400037467
2024-09-30;"Oostende";"Sciensano Foodborne Pathogens";2722.25;135491;17770.12;"SARS";12.86;620111476038.999;0.000723686728058111
2024-09-30;"Roselies";"Sciensano Foodborne Pathogens";1501;96890;2580.4;"SARS";NA;NA;NA
2024-09-30;"Tessenderlo";"University of Antwerpen Laboratory for Microbiology, Parasitology and Hygiene (LMPH)";824.75;45125;2207.7;"SARS";NA;NA;NA
2024-09-30;"Vallée du Hain (l'Orchis)";"Sciensano Foodborne Pathogens";1053;57826;20102.66;"SARS";NA;NA;NA
2024-09-30;"Wasmuel";"Sciensano Foodborne Pathogens";699.01;157343;21135.66;"SARS";14.14;150763639691.629;0.000669011518921103
2024-10-07;"Aalst";"Sciensano Foodborne Pathogens";1013.88;98357;31049.93;"SARS";14.15;350065219557.327;0.000455717613534072
2024-10-07;"Antwerpen-Noord";"University of Antwerpen Laboratory for Microbiology, Parasitology and Hygiene (LMPH)";798.92;73974;32375.7;"SARS";19.74;511661312352.989;0.000609716546669261
2024-10-07;"Antwerpen-Zuid";"University of Antwerpen Laboratory for Microbiology, Parasitology and Hygiene (LMPH)";1996.46;178677;69882.3;"SARS";18.89;506564977921.053;0.000270311652593003
2024-10-07;"Arlon";"Sciensano Foodborne Pathogens";238.67;19440;39740.06;"SARS";22.22;654721901234.568;0.000559133529239765
2024-10-07;"Basse Wavre (Dyle)";"Sciensano Foodborne Pathogens";801.83;78290;14116.28;"SARS";9.15;224909781581.3;0.000648187766182025
2024-10-07;"Brugge";"Sciensano Foodborne Pathogens";2375.54;180586;34780.2;"SARS";14.415;455097193802.399;0.000414459951351631
2024-10-07;"Brussels-North";"Sciensano Foodborne Pathogens";15362.5;1080145;184795.85;"SARS";62.245;2124689879599.5;0.000336831157193195
2024-10-07;"Brussels-South";"Sciensano Foodborne Pathogens";2683;249307;85171.63;"SARS";34.785;898440765802.805;0.000408410640961081
2024-10-07;"Dendermonde";"University of Antwerpen Laboratory for Microbiology, Parasitology and Hygiene (LMPH)";730.79;69500;7064.1;"SARS";NA;NA;NA
2024-10-07;"Deurne";"University of Antwerpen Laboratory for Microbiology, Parasitology and Hygiene (LMPH)";2057.21;215592;120359.93;"SARS";41.555;951657147389.513;0.000345256099766758
2024-10-07;"Genk";"University of Antwerpen Laboratory for Microbiology, Parasitology and Hygiene (LMPH)";1726.5;68582;10604.7;"SARS";15;906272782945.962;0.00141446717021698
2024-10-07;"Gent";"Sciensano Foodborne Pathogens";1919.88;220130;39031.36;"SARS";10.99;230040225684.823;0.00028156846187271
2024-10-07;"Grimbergen";"Sciensano Foodborne Pathogens";924.96;107643;55706.2;"SARS";16.7;344401371199.242;0.000299787097306942
2024-10-07;"Harelbeke";"Sciensano Foodborne Pathogens";1109.42;107894;77789.06;"SARS";46.59;1149747963000.72;0.000598927407015845
2024-10-07;"Hasselt";"University of Antwerpen Laboratory for Microbiology, Parasitology and Hygiene (LMPH)";987.46;69586;3918.6;"SARS";NA;NA;NA
2024-10-07;"Leuven";"Sciensano Foodborne Pathogens";1353.21;120939;34948.37;"SARS";23;617643539304.939;0.000658113668820606
2024-10-07;"Liedekerke";"Sciensano Foodborne Pathogens";1004.88;101075;54278.95;"SARS";17.515;417918730447.687;0.000322684945084605
2024-10-07;"Liège Oupeye";"Sciensano Foodborne Pathogens";4270;253780;39802.31;"SARS";9.65;389680825912.207;0.000242448239813217
2024-10-07;"Liège Sclessin";"Sciensano Foodborne Pathogens";2177.5;142240;27162.41;"SARS";12.28;451176040494.938;0.000452095377398397
2024-10-07;"Marche-en-Famenne";"Sciensano Foodborne Pathogens";523.92;8633;37462.77;"SARS";21.985;3202144663500.52;0.000586849290642416
2024-10-07;"Marchienne-au-Pont";"Sciensano Foodborne Pathogens";1034;52017;12837.55;"SARS";NA;NA;NA
2024-10-07;"Mechelen-Noord";"University of Antwerpen Laboratory for Microbiology, Parasitology and Hygiene (LMPH)";1064.54;98143;38637;"SARS";14.865;386971348338.649;0.000384734839661464
2024-10-07;"Montignies-sur-Sambre";"Sciensano Foodborne Pathogens";2339;123576;26099.32;"SARS";12.915;586680617595.65;0.000494840478602508
2024-10-07;"Mornimont";"Sciensano Foodborne Pathogens";348.75;34139;39793.57;"SARS";27.21;667118837692.961;0.000683778811501456
2024-10-07;"Namur-Brumagne";"Sciensano Foodborne Pathogens";678.46;82175;57742.78;"SARS";30.3;600396850623.669;0.000524740928649435
2024-10-07;"Oostende";"Sciensano Foodborne Pathogens";1745.5;135491;30847.91;"SARS";14.88;460069643002.118;0.000482366552547644
2024-10-07;"Roselies";"Sciensano Foodborne Pathogens";1584;96890;15607.96;"SARS";11.5;451216843843.534;0.000736803528455993
2024-10-07;"Tessenderlo";"University of Antwerpen Laboratory for Microbiology, Parasitology and Hygiene (LMPH)";432.21;45125;20146.5;"SARS";10.34;237689160332.41;0.000513240513240513
2024-10-07;"Vallée du Hain (l'Orchis)";"Sciensano Foodborne Pathogens";999.83;57826;30721.24;"SARS";30.865;1280797687545.4;0.00100467949861399
2024-10-07;"Wasmuel";"Sciensano Foodborne Pathogens";617.53;157343;17903.34;"SARS";NA;NA;NA
2024-10-14;"Aalst";"Sciensano Foodborne Pathogens";2609.13;98357;62341.13;"SARS";27.305;1738376599123.6;0.000437993344041085
2024-10-14;"Antwerpen-Noord";"University of Antwerpen Laboratory for Microbiology, Parasitology and Hygiene (LMPH)";1606.54;73974;26683.2;"SARS";8.42;438869877524.536;0.000315554356299095
2024-10-14;"Antwerpen-Zuid";"University of Antwerpen Laboratory for Microbiology, Parasitology and Hygiene (LMPH)";3145.58;178677;56052;"SARS";12.29;519272361188.066;0.000219260686505388
2024-10-14;"Arlon";"Sciensano Foodborne Pathogens";721.38;19440;31871.4;"SARS";9.01;802423925925.926;0.00028269859497857
2024-10-14;"Basse Wavre (Dyle)";"Sciensano Foodborne Pathogens";717.83;78290;13200.4;"SARS";NA;NA;NA
2024-10-14;"Brugge";"Sciensano Foodborne Pathogens";4405.67;180586;48014.63;"SARS";20.575;1204700168340.85;0.000428515225463572
2024-10-14;"Brussels-North";"Sciensano Foodborne Pathogens";19300;1080145;58872.06;"SARS";15.245;653753338672.123;0.000258951359949015
2024-10-14;"Brussels-South";"Sciensano Foodborne Pathogens";4120;249307;72030.5;"SARS";49.95;1981114048141.45;0.000693456244229875
2024-10-14;"Dendermonde";"University of Antwerpen Laboratory for Microbiology, Parasitology and Hygiene (LMPH)";2177.46;69500;17888.4;"SARS";10.79;811330995107.914;0.000603184186400125
2024-10-14;"Deurne";"University of Antwerpen Laboratory for Microbiology, Parasitology and Hygiene (LMPH)";3355.79;215592;40837.5;"SARS";17.36;648519585884.448;0.000425099479644934
2024-10-14;"Genk";"University of Antwerpen Laboratory for Microbiology, Parasitology and Hygiene (LMPH)";2592.63;68582;1708.2;"SARS";NA;NA;NA
2024-10-14;"Grimbergen";"Sciensano Foodborne Pathogens";2446.54;107643;64662.39;"SARS";NA;NA;NA
2024-10-14;"Harelbeke";"Sciensano Foodborne Pathogens";3157.17;107894;40493.65;"SARS";32.02;2248708919495.06;0.00079074126437108
2024-10-14;"Hasselt";"University of Antwerpen Laboratory for Microbiology, Parasitology and Hygiene (LMPH)";2186.96;69586;2685.6;"SARS";NA;NA;NA
2024-10-14;"Leuven";"Sciensano Foodborne Pathogens";3089.42;120939;54483.61;"SARS";38.795;2378469454518.39;0.000712048999689998
2024-10-14;"Liedekerke";"Sciensano Foodborne Pathogens";2891.13;101075;47469.24;"SARS";17.88;1227446654068.76;0.000376664972938265
2024-10-14;"Liège Oupeye";"Sciensano Foodborne Pathogens";5050;253780;33411.45;"SARS";NA;NA;NA
2024-10-14;"Liège Sclessin";"Sciensano Foodborne Pathogens";1765;142240;40258.93;"SARS";11.985;356921119235.096;0.000297697926894729
2024-10-14;"Marche-en-Famenne";"Sciensano Foodborne Pathogens";500.79;8633;18181.23;"SARS";14.88;2071610388045.87;0.000818426476096502
2024-10-14;"Marchienne-au-Pont";"Sciensano Foodborne Pathogens";1180;52017;687.34;"SARS";NA;NA;NA
2024-10-14;"Mechelen-Noord";"University of Antwerpen Laboratory for Microbiology, Parasitology and Hygiene (LMPH)";2379.96;98143;18144;"SARS";9.89;575596125653.383;0.000545083774250441
2024-10-14;"Montignies-sur-Sambre";"Sciensano Foodborne Pathogens";2658;123576;31736.8;"SARS";NA;NA;NA
2024-10-14;"Mornimont";"Sciensano Foodborne Pathogens";712.92;34139;10381.23;"SARS";NA;NA;NA
2024-10-14;"Namur-Brumagne";"Sciensano Foodborne Pathogens";1040.29;82175;55050.67;"SARS";24.615;747869449832.674;0.00044713352262561
2024-10-14;"Oostende";"Sciensano Foodborne Pathogens";3782.42;135491;45641.92;"SARS";23.58;1579844511000.73;0.00051663032580575
2024-10-14;"Roselies";"Sciensano Foodborne Pathogens";1827;96890;22577.18;"SARS";13.47;609590834967.489;0.000596620127048639
2024-10-14;"Tessenderlo";"University of Antwerpen Laboratory for Microbiology, Parasitology and Hygiene (LMPH)";1116.29;45125;4413.6;"SARS";NA;NA;NA
2024-10-14;"Vallée du Hain (l'Orchis)";"Sciensano Foodborne Pathogens";1023;57826;28144.25;"SARS";NA;NA;NA
2024-10-14;"Wasmuel";"Sciensano Foodborne Pathogens";684.01;157343;10376.07;"SARS";NA;NA;NA
2024-10-21;"Aalst";"Sciensano Foodborne Pathogens";2803.96;98357;61962.34;"SARS";27.135;1856554094167.17;0.000437927295838085
2024-10-21;"Antwerpen-Noord";"University of Antwerpen Laboratory for Microbiology, Parasitology and Hygiene (LMPH)";1464.04;73974;NA;"SARS";NA;NA;NA
2024-10-21;"Antwerpen-Zuid";"University of Antwerpen Laboratory for Microbiology, Parasitology and Hygiene (LMPH)";4017.88;178677;42247.8;"SARS";19.62;1058860029214.73;0.000464402880149972
2024-10-21;"Arlon";"Sciensano Foodborne Pathogens";648.33;19440;11972.69;"SARS";NA;NA;NA
2024-10-21;"Basse Wavre (Dyle)";"Sciensano Foodborne Pathogens";NA;78290;52365.56;"SARS";14.175;NA;0.000270693180785234
2024-10-21;"Brugge";"Sciensano Foodborne Pathogens";3608.58;180586;61710.14;"SARS";16.725;802102052207.812;0.000271025150809899
2024-10-21;"Brussels-North";"Sciensano Foodborne Pathogens";35084.79;1080145;103649.12;"SARS";25.765;2008529479319.91;0.000248579052094219
2024-10-21;"Brussels-South";"Sciensano Foodborne Pathogens";6451;249307;144418.98;"SARS";55.13;3423669259186.47;0.000381736527982679
2024-10-21;"Dendermonde";"University of Antwerpen Laboratory for Microbiology, Parasitology and Hygiene (LMPH)";2828.33;69500;NA;"SARS";NA;NA;NA
2024-10-21;"Deurne";"University of Antwerpen Laboratory for Microbiology, Parasitology and Hygiene (LMPH)";3813.75;215592;17534.7;"SARS";NA;NA;NA
2024-10-21;"Genk";"University of Antwerpen Laboratory for Microbiology, Parasitology and Hygiene (LMPH)";2690.08;68582;357.93;"SARS";NA;NA;NA
2024-10-21;"Gent";"Sciensano Foodborne Pathogens";4631.33;220130;43894.03;"SARS";15.68;791742200336.165;0.000357223977839355
2024-10-21;"Grimbergen";"Sciensano Foodborne Pathogens";2884.21;107643;49259.03;"SARS";19.31;1241751235472.81;0.00039200934326153
2024-10-21;"Harelbeke";"Sciensano Foodborne Pathogens";3946.75;107894;49019.96;"SARS";18.42;1617123510111.78;0.000375765300502081
2024-10-21;"Hasselt";"University of Antwerpen Laboratory for Microbiology, Parasitology and Hygiene (LMPH)";2401.96;69586;1189.8;"SARS";NA;NA;NA
2024-10-21;"Leuven";"Sciensano Foodborne Pathogens";3645.13;120939;44550.32;"SARS";14.09;1019222220127.5;0.000316271577847252
2024-10-21;"Liedekerke";"Sciensano Foodborne Pathogens";4037.67;101075;44826.6;"SARS";13.58;1301961322186.5;0.000302945126331241
2024-10-21;"Liège Oupeye";"Sciensano Foodborne Pathogens";6730.75;253780;29962.3;"SARS";NA;NA;NA
2024-10-21;"Liège Sclessin";"Sciensano Foodborne Pathogens";3337.5;142240;19068.5;"SARS";8.88;500061867266.592;0.000465689487898891
2024-10-21;"Marche-en-Famenne";"Sciensano Foodborne Pathogens";391.29;8633;15473.64;"SARS";NA;NA;NA
2024-10-21;"Marchienne-au-Pont";"Sciensano Foodborne Pathogens";1347;52017;44412.67;"SARS";11.96;743300997750.735;0.00026929252395769
2024-10-21;"Mechelen-Noord";"University of Antwerpen Laboratory for Microbiology, Parasitology and Hygiene (LMPH)";3085.96;98143;3961.8;"SARS";NA;NA;NA
2024-10-21;"Montignies-sur-Sambre";"Sciensano Foodborne Pathogens";2779;123576;44503.38;"SARS";12.54;676804428044.28;0.000281776350470459
2024-10-21;"Mornimont";"Sciensano Foodborne Pathogens";640.83;34139;18288.56;"SARS";11.09;499614261694.836;0.000606390005555385
2024-10-21;"Namur-Brumagne";"Sciensano Foodborne Pathogens";1283.67;82175;59801.23;"SARS";14.76;553364479221.174;0.000246817665790486
2024-10-21;"Oostende";"Sciensano Foodborne Pathogens";2877.63;135491;39290.16;"SARS";30.565;1557973786303.15;0.00077793014841375
2024-10-21;"Roselies";"Sciensano Foodborne Pathogens";1816;96890;NA;"SARS";NA;NA;NA
2024-10-21;"Tessenderlo";"University of Antwerpen Laboratory for Microbiology, Parasitology and Hygiene (LMPH)";1416.29;45125;NA;"SARS";NA;NA;NA
2024-10-21;"Vallée du Hain (l'Orchis)";"Sciensano Foodborne Pathogens";1051;57826;1138.96;"SARS";NA;NA;NA
2024-10-21;"Wasmuel";"Sciensano Foodborne Pathogens";855.79;157343;6113.02;"SARS";NA;NA;NA
2024-10-28;"Aalst";"Sciensano Foodborne Pathogens";1030.63;98357;51449.58;"SARS";20.87;524845160385.128;0.000405639851676146
2024-10-28;"Antwerpen-Noord";"University of Antwerpen Laboratory for Microbiology, Parasitology and Hygiene (LMPH)";812.29;73974;13288.5;"SARS";8.94;235602971854.976;0.000672762162772322
2024-10-28;"Arlon";"Sciensano Foodborne Pathogens";374.96;19440;83013.74;"SARS";34.195;1582932987654.32;0.000411919761716554
2024-10-28;"Basse Wavre (Dyle)";"Sciensano Foodborne Pathogens";741.96;78290;29397.95;"SARS";8.96;203794965385.107;0.000304783156648678
2024-10-28;"Brugge";"Sciensano Foodborne Pathogens";2223.75;180586;33487.32;"SARS";NA;NA;NA
2024-10-28;"Brussels-North";"Sciensano Foodborne Pathogens";11050;1080145;292011.72;"SARS";39.02;958029153493.281;0.00013362477369059
2024-10-28;"Brussels-South";"Sciensano Foodborne Pathogens";2163;249307;169982.6;"SARS";26.82;558459987084.197;0.000157780855216946
2024-10-28;"Dendermonde";"University of Antwerpen Laboratory for Microbiology, Parasitology and Hygiene (LMPH)";735.79;69500;18377.1;"SARS";10.16;258151127482.014;0.000552861985841074
2024-10-28;"Deurne";"University of Antwerpen Laboratory for Microbiology, Parasitology and Hygiene (LMPH)";1845.96;215592;20085.3;"SARS";NA;NA;NA
2024-10-28;"Genk";"University of Antwerpen Laboratory for Microbiology, Parasitology and Hygiene (LMPH)";1815.79;68582;7694.1;"SARS";NA;NA;NA
2024-10-28;"Gent";"Sciensano Foodborne Pathogens";1810.29;220130;56552.5;"SARS";8.9;175658903375.278;0.00015737588966005
2024-10-28;"Grimbergen";"Sciensano Foodborne Pathogens";905;107643;77441.04;"SARS";17.85;360173908196.539;0.000230497937527699
2024-10-28;"Harelbeke";"Sciensano Foodborne Pathogens";1156.71;107894;49582.65;"SARS";17.445;448858456262.628;0.00035183678161615
2024-10-28;"Hasselt";"University of Antwerpen Laboratory for Microbiology, Parasitology and Hygiene (LMPH)";1144;69586;15361.92;"SARS";9.135;360432500790.389;0.000594652230971129
2024-10-28;"Leuven";"Sciensano Foodborne Pathogens";1458.21;120939;38890.49;"SARS";10.695;309489364721.058;0.000275002963449419
2024-10-28;"Liedekerke";"Sciensano Foodborne Pathogens";1133.83;101075;56084.6;"SARS";18.24;491066456393.767;0.000325222966732401
2024-10-28;"Liège Oupeye";"Sciensano Foodborne Pathogens";3112.92;253780;50206.13;"SARS";9.15;269366077705.099;0.00018224866166741
2024-10-28;"Liège Sclessin";"Sciensano Foodborne Pathogens";1336.67;142240;45119.64;"SARS";29.22;659012892013.498;0.000647611550092155
2024-10-28;"Marche-en-Famenne";"Sciensano Foodborne Pathogens";274.71;8633;23022.64;"SARS";8.88;678167441213.947;0.000385707286392872
2024-10-28;"Marchienne-au-Pont";"Sciensano Foodborne Pathogens";928;52017;4239.09;"SARS";NA;NA;NA
2024-10-28;"Mechelen-Noord";"University of Antwerpen Laboratory for Microbiology, Parasitology and Hygiene (LMPH)";1119.71;98143;6620.6;"SARS";NA;NA;NA
2024-10-28;"Montignies-sur-Sambre";"Sciensano Foodborne Pathogens";1747;123576;52626.76;"SARS";NA;NA;NA
2024-10-28;"Mornimont";"Sciensano Foodborne Pathogens";397.92;34139;52413.27;"SARS";20.59;575986839684.818;0.000392839446956849
2024-10-28;"Namur-Brumagne";"Sciensano Foodborne Pathogens";818.13;82175;62775.5;"SARS";16.7;399034382719.805;0.000266027351434875
2024-10-28;"Oostende";"Sciensano Foodborne Pathogens";1630.67;135491;40274.05;"SARS";28.745;830288815936.114;0.00071373502292419
2024-10-28;"Roselies";"Sciensano Foodborne Pathogens";1410;96890;NA;"SARS";NA;NA;NA
2024-10-28;"Tessenderlo";"University of Antwerpen Laboratory for Microbiology, Parasitology and Hygiene (LMPH)";457.58;45125;6540.3;"SARS";NA;NA;NA
2024-10-28;"Vallée du Hain (l'Orchis)";"Sciensano Foodborne Pathogens";463;57826;50524.49;"SARS";11.825;227232386815.619;0.000234044915643879
2024-10-28;"Wasmuel";"Sciensano Foodborne Pathogens";878.26;157343;24586.54;"SARS";8.79;117754033925.882;0.000357512687836515
2024-11-04;"Aalst";"Sciensano Foodborne Pathogens";909.75;98357;50768.17;"SARS";12.72;282367782669.256;0.000250550689536377
2024-11-04;"Antwerpen-Noord";"University of Antwerpen Laboratory for Microbiology, Parasitology and Hygiene (LMPH)";807.08;73974;25276.5;"SARS";9.86;258181808743.613;0.000390085652681344
2024-11-04;"Antwerpen-Zuid";"University of Antwerpen Laboratory for Microbiology, Parasitology and Hygiene (LMPH)";1841.96;178677;47182.5;"SARS";NA;NA;NA
2024-11-04;"Arlon";"Sciensano Foodborne Pathogens";365.33;19440;36824.78;"SARS";NA;NA;NA
2024-11-04;"Basse Wavre (Dyle)";"Sciensano Foodborne Pathogens";657.08;78290;38780.2;"SARS";NA;NA;NA
2024-11-04;"Brugge";"Sciensano Foodborne Pathogens";2004.83;180586;39182.66;"SARS";9.69;258183505255.114;0.000247303271396072
2024-11-04;"Brussels-North";"Sciensano Foodborne Pathogens";11487.5;1080145;220013.29;"SARS";25.9;661080688240.931;0.000117720161359343
2024-11-04;"Brussels-South";"Sciensano Foodborne Pathogens";2221;249307;154095.73;"SARS";19.875;424944746838.236;0.000128978265653435
2024-11-04;"Dendermonde";"University of Antwerpen Laboratory for Microbiology, Parasitology and Hygiene (LMPH)";711.79;69500;9751.5;"SARS";NA;NA;NA
2024-11-04;"Deurne";"University of Antwerpen Laboratory for Microbiology, Parasitology and Hygiene (LMPH)";NA;215592;86219.8;"SARS";14.2;NA;0.000164695348400251
2024-11-04;"Genk";"University of Antwerpen Laboratory for Microbiology, Parasitology and Hygiene (LMPH)";1758.25;68582;9207.9;"SARS";NA;NA;NA
2024-11-04;"Gent";"Sciensano Foodborne Pathogens";1861.29;220130;67367.34;"SARS";8.23;167011311861.173;0.000122166022882898
2024-11-04;"Grimbergen";"Sciensano Foodborne Pathogens";908.92;107643;66513.72;"SARS";9.14;185224019397.453;0.000137415258085099
2024-11-04;"Harelbeke";"Sciensano Foodborne Pathogens";1076.46;107894;59864.15;"SARS";8.4;201136611859.788;0.000140317702665118
2024-11-04;"Hasselt";"University of Antwerpen Laboratory for Microbiology, Parasitology and Hygiene (LMPH)";1035.54;69586;21507.26;"SARS";11.155;398405956370.534;0.000518662070389255
2024-11-04;"Leuven";"Sciensano Foodborne Pathogens";1189.92;120939;84177.39;"SARS";14.61;344995037828.988;0.000173562045580173
2024-11-04;"Liedekerke";"Sciensano Foodborne Pathogens";1141.25;101075;60234.72;"SARS";8.89;240907346030.176;0.00014758929733549
2024-11-04;"Liège Oupeye";"Sciensano Foodborne Pathogens";3091.25;253780;42851.17;"SARS";NA;NA;NA
2024-11-04;"Liège Sclessin";"Sciensano Foodborne Pathogens";1258.33;142240;60362.48;"SARS";NA;NA;NA
2024-11-04;"Marche-en-Famenne";"Sciensano Foodborne Pathogens";171.58;8633;5057.05;"SARS";NA;NA;NA
2024-11-04;"Marchienne-au-Pont";"Sciensano Foodborne Pathogens";842;52017;57392.86;"SARS";NA;NA;NA
2024-11-04;"Mechelen-Noord";"University of Antwerpen Laboratory for Microbiology, Parasitology and Hygiene (LMPH)";1094.63;98143;22292.1;"SARS";NA;NA;NA
2024-11-04;"Montignies-sur-Sambre";"Sciensano Foodborne Pathogens";1593;123576;38643.7;"SARS";8.64;267304719362.983;0.000223581075311112
2024-11-04;"Mornimont";"Sciensano Foodborne Pathogens";378.75;34139;22151.22;"SARS";NA;NA;NA
2024-11-04;"Namur-Brumagne";"Sciensano Foodborne Pathogens";694.63;82175;130835.94;"SARS";17.915;363447660237.298;0.000136927208227342
2024-11-04;"Oostende";"Sciensano Foodborne Pathogens";1448.58;135491;68701.24;"SARS";22.255;571045714918.334;0.000323938840114094
2024-11-04;"Roselies";"Sciensano Foodborne Pathogens";1331;96890;52536.12;"SARS";12.02;396291547115.285;0.000228794970013012
2024-11-04;"Tessenderlo";"University of Antwerpen Laboratory for Microbiology, Parasitology and Hygiene (LMPH)";469.33;45125;10383.3;"SARS";NA;NA;NA
2024-11-04;"Vallée du Hain (l'Orchis)";"Sciensano Foodborne Pathogens";501.5;57826;61981.92;"SARS";16.235;337917995365.407;0.000261931221233547
2024-11-11;"Aalst";"Sciensano Foodborne Pathogens";1150.25;98357;37846.94;"SARS";17.885;501980855455.128;0.000472561321998555
2024-11-11;"Antwerpen-Noord";"University of Antwerpen Laboratory for Microbiology, Parasitology and Hygiene (LMPH)";1017.08;73974;820.71;"SARS";NA;NA;NA
2024-11-11;"Arlon";"Sciensano Foodborne Pathogens";543;19440;67038.43;"SARS";18.88;1265659259259.26;0.000281629507134937
2024-11-11;"Basse Wavre (Dyle)";"Sciensano Foodborne Pathogens";718;78290;14405.66;"SARS";NA;NA;NA
2024-11-11;"Brugge";"Sciensano Foodborne Pathogens";2075.46;180586;27769.34;"SARS";NA;NA;NA
2024-11-11;"Brussels-North";"Sciensano Foodborne Pathogens";15065.42;1080145;125215.02;"SARS";13.625;456086205092.835;0.000108812824531753
2024-11-11;"Brussels-South";"Sciensano Foodborne Pathogens";2704;249307;102517.68;"SARS";30.09;783259451198.723;0.000293510348654008
2024-11-11;"Dendermonde";"University of Antwerpen Laboratory for Microbiology, Parasitology and Hygiene (LMPH)";1285.17;69500;6417.9;"SARS";NA;NA;NA
2024-11-11;"Deurne";"University of Antwerpen Laboratory for Microbiology, Parasitology and Hygiene (LMPH)";2392.42;215592;4777.63;"SARS";NA;NA;NA
2024-11-11;"Genk";"University of Antwerpen Laboratory for Microbiology, Parasitology and Hygiene (LMPH)";2086.67;68582;NA;"SARS";NA;NA;NA
2024-11-11;"Gent";"Sciensano Foodborne Pathogens";4029.04;220130;49098.1;"SARS";11.18;491106170353.882;0.000227707385825521
2024-11-11;"Grimbergen";"Sciensano Foodborne Pathogens";1144.5;107643;63754.59;"SARS";13.51;344743903458.655;0.000211906311373032
2024-11-11;"Harelbeke";"Sciensano Foodborne Pathogens";1335.63;107894;37405.82;"SARS";15.77;468523960924.611;0.000421592147959863
2024-11-11;"Hasselt";"University of Antwerpen Laboratory for Microbiology, Parasitology and Hygiene (LMPH)";1291.67;69586;1111.5;"SARS";NA;NA;NA
2024-11-11;"Leuven";"Sciensano Foodborne Pathogens";1249.58;120939;33465.81;"SARS";14.59;361796387269.615;0.000435967335020428
2024-11-11;"Liedekerke";"Sciensano Foodborne Pathogens";1425;101075;66893.3;"SARS";NA;NA;NA
2024-11-11;"Liège Oupeye";"Sciensano Foodborne Pathogens";4884.17;253780;68561.09;"SARS";NA;NA;NA
2024-11-11;"Liège Sclessin";"Sciensano Foodborne Pathogens";2716.25;142240;69831.23;"SARS";9.12;417978627671.541;0.000130600592313783
2024-11-11;"Marche-en-Famenne";"Sciensano Foodborne Pathogens";329.5;8633;22351.72;"SARS";8.27;757548476775.165;0.000369993897561351
2024-11-11;"Marchienne-au-Pont";"Sciensano Foodborne Pathogens";1076;52017;83982.03;"SARS";NA;NA;NA
2024-11-11;"Mechelen-Noord";"University of Antwerpen Laboratory for Microbiology, Parasitology and Hygiene (LMPH)";1419.83;98143;4146.3;"SARS";NA;NA;NA
2024-11-11;"Montignies-sur-Sambre";"Sciensano Foodborne Pathogens";2148;123576;33167.32;"SARS";NA;NA;NA
2024-11-11;"Mornimont";"Sciensano Foodborne Pathogens";423.75;34139;38195.62;"SARS";10.82;322327543278.948;0.000283278553928435
2024-11-11;"Namur-Brumagne";"Sciensano Foodborne Pathogens";561.71;82175;86921.66;"SARS";21.01;344674962458.169;0.000241711904719721
2024-11-11;"Oostende";"Sciensano Foodborne Pathogens";1454.96;135491;63080.04;"SARS";NA;NA;NA
2024-11-11;"Roselies";"Sciensano Foodborne Pathogens";1598;96890;45194.65;"SARS";9;356247290742.079;0.000199138614858175
2024-11-11;"Tessenderlo";"University of Antwerpen Laboratory for Microbiology, Parasitology and Hygiene (LMPH)";567.83;45125;4222.58;"SARS";NA;NA;NA
2024-11-11;"Vallée du Hain (l'Orchis)";"Sciensano Foodborne Pathogens";820;57826;43808.86;"SARS";12.56;427456161588.213;0.000286699996302118
2024-11-11;"Wasmuel";"Sciensano Foodborne Pathogens";906.81;157343;42960.56;"SARS";10.17;140669864436.295;0.000236728757725691
2024-11-18;"Aalst";"Sciensano Foodborne Pathogens";2455.21;98357;42836.98;"SARS";13.61;815366262086.074;0.000317716141520714
2024-11-18;"Antwerpen-Noord";"University of Antwerpen Laboratory for Microbiology, Parasitology and Hygiene (LMPH)";1420;73974;NA;"SARS";NA;NA;NA
2024-11-18;"Antwerpen-Zuid";"University of Antwerpen Laboratory for Microbiology, Parasitology and Hygiene (LMPH)";2299.67;178677;51650.1;"SARS";NA;NA;NA
2024-11-18;"Arlon";"Sciensano Foodborne Pathogens";1310.29;19440;24376.72;"SARS";NA;NA;NA
2024-11-18;"Basse Wavre (Dyle)";"Sciensano Foodborne Pathogens";1174.08;78290;28616.06;"SARS";NA;NA;NA
2024-11-18;"Brugge";"Sciensano Foodborne Pathogens";4114.04;180586;23503.12;"SARS";NA;NA;NA
2024-11-18;"Brussels-North";"Sciensano Foodborne Pathogens";20330.83;1080145;158049.18;"SARS";22.39;1011435946914.53;0.000141664765359744
2024-11-18;"Brussels-South";"Sciensano Foodborne Pathogens";3243;249307;124200.8;"SARS";22.525;703215633736.718;0.000181359540357228
2024-11-18;"Dendermonde";"University of Antwerpen Laboratory for Microbiology, Parasitology and Hygiene (LMPH)";1807.25;69500;812.79;"SARS";NA;NA;NA
2024-11-18;"Deurne";"University of Antwerpen Laboratory for Microbiology, Parasitology and Hygiene (LMPH)";2130.04;215592;29102.29;"SARS";13.32;315842511410.442;0.000457695940766173
2024-11-18;"Genk";"University of Antwerpen Laboratory for Microbiology, Parasitology and Hygiene (LMPH)";1987.5;68582;778.68;"SARS";NA;NA;NA
2024-11-18;"Gent";"Sciensano Foodborne Pathogens";4214.42;220130;50911.22;"SARS";NA;NA;NA
2024-11-18;"Grimbergen";"Sciensano Foodborne Pathogens";2114.79;107643;71203.52;"SARS";12.32;580902712856.386;0.00017302515381262
2024-11-18;"Harelbeke";"Sciensano Foodborne Pathogens";1485.71;107894;63782.21;"SARS";13.52;446811853115.095;0.000211971331818073
2024-11-18;"Hasselt";"University of Antwerpen Laboratory for Microbiology, Parasitology and Hygiene (LMPH)";1229.13;69586;488.7;"SARS";NA;NA;NA
2024-11-18;"Leuven";"Sciensano Foodborne Pathogens";2588.42;120939;40034.9;"SARS";9.43;484385693944.881;0.000235544487434713
2024-11-18;"Liedekerke";"Sciensano Foodborne Pathogens";2451.79;101075;81537.47;"SARS";16.355;952141094039.08;0.000200582627839691
2024-11-18;"Liège Oupeye";"Sciensano Foodborne Pathogens";5025.83;253780;61990.93;"SARS";12.97;616455340215.935;0.000209224155856349
2024-11-18;"Liège Sclessin";"Sciensano Foodborne Pathogens";2466.25;142240;17168.42;"SARS";NA;NA;NA
2024-11-18;"Marche-en-Famenne";"Sciensano Foodborne Pathogens";720.04;8633;9813.8;"SARS";NA;NA;NA
2024-11-18;"Marchienne-au-Pont";"Sciensano Foodborne Pathogens";1374;52017;27556.46;"SARS";NA;NA;NA
2024-11-18;"Mechelen-Noord";"University of Antwerpen Laboratory for Microbiology, Parasitology and Hygiene (LMPH)";1448.5;98143;4146.3;"SARS";NA;NA;NA
2024-11-18;"Montignies-sur-Sambre";"Sciensano Foodborne Pathogens";2188;123576;32201.99;"SARS";NA;NA;NA
2024-11-18;"Mornimont";"Sciensano Foodborne Pathogens";867.92;34139;36628.61;"SARS";11.74;716321916869.27;0.000320514483077572
2024-11-18;"Namur-Brumagne";"Sciensano Foodborne Pathogens";1095.29;82175;49810.49;"SARS";9.92;317330870946.151;0.000199154836661916
2024-11-18;"Oostende";"Sciensano Foodborne Pathogens";2709.13;135491;44175.21;"SARS";12.61;605125877881.188;0.000285454217421943
2024-11-18;"Roselies";"Sciensano Foodborne Pathogens";1820;96890;332.32;"SARS";NA;NA;NA
2024-11-18;"Tessenderlo";"University of Antwerpen Laboratory for Microbiology, Parasitology and Hygiene (LMPH)";656.17;45125;592.56;"SARS";NA;NA;NA
2024-11-18;"Vallée du Hain (l'Orchis)";"Sciensano Foodborne Pathogens";1028.58;57826;36637.69;"SARS";NA;NA;NA
2024-11-18;"Wasmuel";"Sciensano Foodborne Pathogens";858.59;157343;28837.54;"SARS";NA;NA;NA
2024-11-25;"Aalst";"Sciensano Foodborne Pathogens";3346.5;98357;26977.86;"SARS";13.62;1112176987911.38;0.000504858428355696
2024-11-25;"Antwerpen-Noord";"University of Antwerpen Laboratory for Microbiology, Parasitology and Hygiene (LMPH)";2274.92;73974;343.26;"SARS";NA;NA;NA
2024-11-25;"Antwerpen-Zuid";"University of Antwerpen Laboratory for Microbiology, Parasitology and Hygiene (LMPH)";5173.88;178677;4017.6;"SARS";NA;NA;NA
2024-11-25;"Arlon";"Sciensano Foodborne Pathogens";861.17;19440;28813.61;"SARS";8;850538271604.938;0.000277646570492208
2024-11-25;"Basse Wavre (Dyle)";"Sciensano Foodborne Pathogens";1713.13;78290;47148.85;"SARS";11.34;595536416911.483;0.000240514880002375
2024-11-25;"Brugge";"Sciensano Foodborne Pathogens";6014.71;180586;13704.6;"SARS";NA;NA;NA
2024-11-25;"Brussels-North";"Sciensano Foodborne Pathogens";25882.29;1080145;70450.1;"SARS";12;690101747450.574;0.000170333328128704
2024-11-25;"Brussels-South";"Sciensano Foodborne Pathogens";5886;249307;92413.65;"SARS";20.685;1172067306573.82;0.000223830570483906
2024-11-25;"Dendermonde";"University of Antwerpen Laboratory for Microbiology, Parasitology and Hygiene (LMPH)";3123.96;69500;6961.5;"SARS";NA;NA;NA
2024-11-25;"Deurne";"University of Antwerpen Laboratory for Microbiology, Parasitology and Hygiene (LMPH)";5598.71;215592;8235.9;"SARS";NA;NA;NA
2024-11-25;"Genk";"University of Antwerpen Laboratory for Microbiology, Parasitology and Hygiene (LMPH)";2950.83;68582;NA;"SARS";NA;NA;NA
2024-11-25;"Gent";"Sciensano Foodborne Pathogens";5741.92;220130;34130.46;"SARS";NA;NA;NA
2024-11-25;"Grimbergen";"Sciensano Foodborne Pathogens";3160.13;107643;37839.04;"SARS";NA;NA;NA
2024-11-25;"Harelbeke";"Sciensano Foodborne Pathogens";3697.04;107894;25104.75;"SARS";NA;NA;NA
2024-11-25;"Hasselt";"University of Antwerpen Laboratory for Microbiology, Parasitology and Hygiene (LMPH)";3185.67;69586;NA;"SARS";NA;NA;NA
2024-11-25;"Leuven";"Sciensano Foodborne Pathogens";2775.42;120939;28929.26;"SARS";12.06;664233675489.296;0.000416878966140164
2024-11-25;"Liedekerke";"Sciensano Foodborne Pathogens";4138.75;101075;28195.57;"SARS";NA;NA;NA
2024-11-25;"Liège Oupeye";"Sciensano Foodborne Pathogens";5294.17;253780;42060.56;"SARS";NA;NA;NA
2024-11-25;"Liège Sclessin";"Sciensano Foodborne Pathogens";2965.79;142240;24742.54;"SARS";NA;NA;NA
2024-11-25;"Marche-en-Famenne";"Sciensano Foodborne Pathogens";597.63;8633;6616.43;"SARS";NA;NA;NA
2024-11-25;"Marchienne-au-Pont";"Sciensano Foodborne Pathogens";1344;52017;41910.62;"SARS";NA;NA;NA
2024-11-25;"Mechelen-Noord";"University of Antwerpen Laboratory for Microbiology, Parasitology and Hygiene (LMPH)";3523.71;98143;995.4;"SARS";NA;NA;NA
2024-11-25;"Montignies-sur-Sambre";"Sciensano Foodborne Pathogens";2124;123576;36943.45;"SARS";NA;NA;NA
2024-11-25;"Mornimont";"Sciensano Foodborne Pathogens";952.08;34139;21087.12;"SARS";NA;NA;NA
2024-11-25;"Namur-Brumagne";"Sciensano Foodborne Pathogens";1125.75;82175;48458.59;"SARS";14.71;483644393063.584;0.000303558151403085
2024-11-25;"Oostende";"Sciensano Foodborne Pathogens";3794.08;135491;24454.25;"SARS";NA;NA;NA
2024-11-25;"Roselies";"Sciensano Foodborne Pathogens";1809;96890;NA;"SARS";NA;NA;NA
2024-11-25;"Tessenderlo";"University of Antwerpen Laboratory for Microbiology, Parasitology and Hygiene (LMPH)";1707.29;45125;NA;"SARS";NA;NA;NA
2024-11-25;"Vallée du Hain (l'Orchis)";"Sciensano Foodborne Pathogens";1198;57826;18576.01;"SARS";NA;NA;NA
2024-11-25;"Wasmuel";"Sciensano Foodborne Pathogens";2100.23;157343;11997.94;"SARS";11.07;354632304201.649;0.00092265838969023
2024-12-02;"Aalst";"Sciensano Foodborne Pathogens";1614.67;98357;21079.01;"SARS";9.19;362080599448.946;0.00043597872955134
2024-12-02;"Antwerpen-Noord";"University of Antwerpen Laboratory for Microbiology, Parasitology and Hygiene (LMPH)";1672.42;73974;1388.7;"SARS";NA;NA;NA
2024-12-02;"Antwerpen-Zuid";"University of Antwerpen Laboratory for Microbiology, Parasitology and Hygiene (LMPH)";2719.38;178677;NA;"SARS";9.69;353945394650.683;NA
2024-12-02;"Arlon";"Sciensano Foodborne Pathogens";767.75;19440;15187.36;"SARS";NA;NA;NA
2024-12-02;"Basse Wavre (Dyle)";"Sciensano Foodborne Pathogens";1249.83;78290;11150.39;"SARS";NA;NA;NA
2024-12-02;"Brugge";"Sciensano Foodborne Pathogens";3378.96;180586;7034.66;"SARS";NA;NA;NA
2024-12-02;"Brussels-North";"Sciensano Foodborne Pathogens";14337.5;1080145;100708.61;"SARS";17.845;568485203375.473;0.00017719438288345
2024-12-02;"Brussels-South";"Sciensano Foodborne Pathogens";2534;249307;16931.79;"SARS";NA;NA;NA
2024-12-02;"Dendermonde";"University of Antwerpen Laboratory for Microbiology, Parasitology and Hygiene (LMPH)";1249.33;69500;1871.1;"SARS";NA;NA;NA
2024-12-02;"Deurne";"University of Antwerpen Laboratory for Microbiology, Parasitology and Hygiene (LMPH)";2611.25;215592;1053.9;"SARS";NA;NA;NA
2024-12-02;"Genk";"University of Antwerpen Laboratory for Microbiology, Parasitology and Hygiene (LMPH)";2323.21;68582;552.89;"SARS";NA;NA;NA
2024-12-02;"Gent";"Sciensano Foodborne Pathogens";2504.33;220130;25346.41;"SARS";NA;NA;NA
2024-12-02;"Grimbergen";"Sciensano Foodborne Pathogens";1213.25;107643;30929.81;"SARS";NA;NA;NA
2024-12-02;"Harelbeke";"Sciensano Foodborne Pathogens";1623.92;107894;25469.75;"SARS";NA;NA;NA
2024-12-02;"Hasselt";"University of Antwerpen Laboratory for Microbiology, Parasitology and Hygiene (LMPH)";2245.63;69586;NA;"SARS";NA;NA;NA
2024-12-02;"Leuven";"Sciensano Foodborne Pathogens";1415.42;120939;31033.55;"SARS";14.005;393380936174.435;0.000451285785867231
2024-12-02;"Liedekerke";"Sciensano Foodborne Pathogens";1673.42;101075;21613;"SARS";NA;NA;NA
2024-12-02;"Liège Oupeye";"Sciensano Foodborne Pathogens";4423.33;253780;33959.02;"SARS";NA;NA;NA
2024-12-02;"Liège Sclessin";"Sciensano Foodborne Pathogens";2210.83;142240;20858.34;"SARS";9.795;365383799493.813;0.000469596334128219
2024-12-02;"Marchienne-au-Pont";"Sciensano Foodborne Pathogens";1437;52017;11132.69;"SARS";NA;NA;NA
2024-12-02;"Mechelen-Noord";"University of Antwerpen Laboratory for Microbiology, Parasitology and Hygiene (LMPH)";1399;98143;482.22;"SARS";NA;NA;NA
2024-12-02;"Montignies-sur-Sambre";"Sciensano Foodborne Pathogens";2187;123576;36617.02;"SARS";10.98;466367449990.289;0.000299860556648247
2024-12-02;"Mornimont";"Sciensano Foodborne Pathogens";757.5;34139;16444.16;"SARS";NA;NA;NA
2024-12-02;"Namur-Brumagne";"Sciensano Foodborne Pathogens";1031;82175;37707.09;"SARS";10.63;320083626407.058;0.000281909847723598
2024-12-02;"Oostende";"Sciensano Foodborne Pathogens";2799.38;135491;15231.22;"SARS";NA;NA;NA
2024-12-02;"Roselies";"Sciensano Foodborne Pathogens";1823;96890;29697.44;"SARS";NA;NA;NA
2024-12-02;"Tessenderlo";"University of Antwerpen Laboratory for Microbiology, Parasitology and Hygiene (LMPH)";798.04;45125;1218.54;"SARS";NA;NA;NA
2024-12-02;"Vallée du Hain (l'Orchis)";"Sciensano Foodborne Pathogens";919.92;57826;31201.71;"SARS";8.17;311932199356.691;0.00026184462325943
2024-12-02;"Wasmuel";"Sciensano Foodborne Pathogens";865.35;157343;15352.65;"SARS";NA;NA;NA
2024-12-09;"Aalst";"Sciensano Foodborne Pathogens";3722.71;98357;9962.15;"SARS";NA;NA;NA
2024-12-09;"Antwerpen-Noord";"University of Antwerpen Laboratory for Microbiology, Parasitology and Hygiene (LMPH)";2194.96;73974;9890.1;"SARS";NA;NA;NA
2024-12-09;"Antwerpen-Zuid";"University of Antwerpen Laboratory for Microbiology, Parasitology and Hygiene (LMPH)";2735.25;178677;24678;"SARS";NA;NA;NA
2024-12-09;"Arlon";"Sciensano Foodborne Pathogens";745.04;19440;29700.61;"SARS";NA;NA;NA
2024-12-09;"Basse Wavre (Dyle)";"Sciensano Foodborne Pathogens";549.67;78290;54534.48;"SARS";NA;NA;NA
2024-12-09;"Brugge";"Sciensano Foodborne Pathogens";5361.04;180586;16797.14;"SARS";NA;NA;NA
2024-12-09;"Brussels-North";"Sciensano Foodborne Pathogens";17003.75;1080145;99401.91;"SARS";13.27;501354382976.36;0.000133498440824729
2024-12-09;"Brussels-South";"Sciensano Foodborne Pathogens";6026;249307;18078.69;"SARS";NA;NA;NA
2024-12-09;"Dendermonde";"University of Antwerpen Laboratory for Microbiology, Parasitology and Hygiene (LMPH)";3324.13;69500;NA;"SARS";NA;NA;NA
2024-12-09;"Deurne";"University of Antwerpen Laboratory for Microbiology, Parasitology and Hygiene (LMPH)";2109.92;215592;6360.3;"SARS";NA;NA;NA
2024-12-09;"Genk";"University of Antwerpen Laboratory for Microbiology, Parasitology and Hygiene (LMPH)";2299.58;68582;8653.01;"SARS";NA;NA;NA
2024-12-09;"Gent";"Sciensano Foodborne Pathogens";3955.42;220130;29010;"SARS";NA;NA;NA
2024-12-09;"Grimbergen";"Sciensano Foodborne Pathogens";2039.92;107643;34805.08;"SARS";12.21;555333980658.287;0.000350810858644773
2024-12-09;"Harelbeke";"Sciensano Foodborne Pathogens";2906.13;107894;18518.9;"SARS";9.23;596665169147.497;0.000498409732759505
2024-12-09;"Hasselt";"University of Antwerpen Laboratory for Microbiology, Parasitology and Hygiene (LMPH)";2581.67;69586;304.38;"SARS";NA;NA;NA
2024-12-09;"Leuven";"Sciensano Foodborne Pathogens";1951.71;120939;20918.35;"SARS";NA;NA;NA
2024-12-09;"Liedekerke";"Sciensano Foodborne Pathogens";4353.79;101075;21895.74;"SARS";NA;NA;NA
2024-12-09;"Liège Oupeye";"Sciensano Foodborne Pathogens";4810;253780;5652.19;"SARS";NA;NA;NA
2024-12-09;"Liège Sclessin";"Sciensano Foodborne Pathogens";2721.67;142240;17909.96;"SARS";NA;NA;NA
2024-12-09;"Marche-en-Famenne";"Sciensano Foodborne Pathogens";609;8633;3273.82;"SARS";NA;NA;NA
2024-12-09;"Marchienne-au-Pont";"Sciensano Foodborne Pathogens";1568;52017;11128.57;"SARS";NA;NA;NA
2024-12-09;"Mechelen-Noord";"University of Antwerpen Laboratory for Microbiology, Parasitology and Hygiene (LMPH)";2738.42;98143;NA;"SARS";NA;NA;NA
2024-12-09;"Montignies-sur-Sambre";"Sciensano Foodborne Pathogens";1559;123576;46720.95;"SARS";10.025;303534181394.445;0.000214571835547008
2024-12-09;"Mornimont";"Sciensano Foodborne Pathogens";1038.75;34139;11217.02;"SARS";NA;NA;NA
2024-12-09;"Namur-Brumagne";"Sciensano Foodborne Pathogens";490.13;82175;39796.85;"SARS";9.93;142145155582.598;0.000249517235660611
2024-12-09;"Oostende";"Sciensano Foodborne Pathogens";3874.04;135491;9428.33;"SARS";NA;NA;NA
2024-12-09;"Roselies";"Sciensano Foodborne Pathogens";1851;96890;NA;"SARS";NA;NA;NA
2024-12-09;"Tessenderlo";"University of Antwerpen Laboratory for Microbiology, Parasitology and Hygiene (LMPH)";1255.46;45125;NA;"SARS";NA;NA;NA
2024-12-09;"Vallée du Hain (l'Orchis)";"Sciensano Foodborne Pathogens";957;57826;34720.14;"SARS";12.83;509596790371.113;0.000369526159744748
2024-12-09;"Wasmuel";"Sciensano Foodborne Pathogens";1065.9;157343;16064.35;"SARS";NA;NA;NA
2024-12-16;"Aalst";"Sciensano Foodborne Pathogens";1704.58;98357;43768.6;"SARS";13.445;559221890053.58;0.000307183688763177
2024-12-16;"Antwerpen-Noord";"University of Antwerpen Laboratory for Microbiology, Parasitology and Hygiene (LMPH)";1443.42;73974;16217.1;"SARS";NA;NA;NA
2024-12-16;"Antwerpen-Zuid";"University of Antwerpen Laboratory for Microbiology, Parasitology and Hygiene (LMPH)";2571.08;178677;25135.2;"SARS";NA;NA;NA
2024-12-16;"Arlon";"Sciensano Foodborne Pathogens";546;19440;12113.43;"SARS";NA;NA;NA
2024-12-16;"Basse Wavre (Dyle)";"Sciensano Foodborne Pathogens";675.17;78290;10369.91;"SARS";NA;NA;NA
2024-12-16;"Brugge";"Sciensano Foodborne Pathogens";3042;180586;23767.3;"SARS";NA;NA;NA
2024-12-16;"Brussels-North";"Sciensano Foodborne Pathogens";14283.33;1080145;232408.26;"SARS";22.12;702010769887.376;9.5177340082491e-05
2024-12-16;"Brussels-South";"Sciensano Foodborne Pathogens";3031;249307;65443.78;"SARS";14.75;430382620624.371;0.000225384291677528
2024-12-16;"Dendermonde";"University of Antwerpen Laboratory for Microbiology, Parasitology and Hygiene (LMPH)";1411.71;69500;12449.7;"SARS";NA;NA;NA
2024-12-16;"Deurne";"University of Antwerpen Laboratory for Microbiology, Parasitology and Hygiene (LMPH)";2120.5;215592;12041.19;"SARS";NA;NA;NA
2024-12-16;"Genk";"University of Antwerpen Laboratory for Microbiology, Parasitology and Hygiene (LMPH)";2531.75;68582;462.33;"SARS";NA;NA;NA
2024-12-16;"Gent";"Sciensano Foodborne Pathogens";2647.29;220130;52995.73;"SARS";NA;NA;NA
2024-12-16;"Grimbergen";"Sciensano Foodborne Pathogens";1284.75;107643;53054.82;"SARS";14.645;419501435300.019;0.000276035240530455
2024-12-16;"Harelbeke";"Sciensano Foodborne Pathogens";1601.13;107894;32593.56;"SARS";NA;NA;NA
2024-12-16;"Hasselt";"University of Antwerpen Laboratory for Microbiology, Parasitology and Hygiene (LMPH)";2156.38;69586;2246.4;"SARS";NA;NA;NA
2024-12-16;"Leuven";"Sciensano Foodborne Pathogens";NA;120939;39464.69;"SARS";10.81;NA;0.0002739157459491
2024-12-16;"Liedekerke";"Sciensano Foodborne Pathogens";2052.21;101075;31714.12;"SARS";NA;NA;NA
2024-12-16;"Liège Oupeye";"Sciensano Foodborne Pathogens";3500;253780;39555.52;"SARS";8.41;278367089605.17;0.000212612550662967
2024-12-16;"Liège Sclessin";"Sciensano Foodborne Pathogens";1754.58;142240;14376.13;"SARS";NA;NA;NA
2024-12-16;"Marche-en-Famenne";"Sciensano Foodborne Pathogens";404.88;8633;6489.68;"SARS";NA;NA;NA
2024-12-16;"Marchienne-au-Pont";"Sciensano Foodborne Pathogens";1431;52017;23505.71;"SARS";9.58;632515369975.2;0.000407560545926926
2024-12-16;"Mechelen-Noord";"University of Antwerpen Laboratory for Microbiology, Parasitology and Hygiene (LMPH)";1499.79;98143;13652.1;"SARS";NA;NA;NA
2024-12-16;"Montignies-sur-Sambre";"Sciensano Foodborne Pathogens";2177;123576;30469.1;"SARS";8.77;370796076908.138;0.000287832591051262
2024-12-16;"Mornimont";"Sciensano Foodborne Pathogens";696.25;34139;21463.85;"SARS";27.74;1357788453088.84;0.00129240560290908
2024-12-16;"Namur-Brumagne";"Sciensano Foodborne Pathogens";965.04;82175;57603;"SARS";14.115;397830179981.746;0.000245039320868705
2024-12-16;"Oostende";"Sciensano Foodborne Pathogens";1920.88;135491;27909.66;"SARS";NA;NA;NA
2024-12-16;"Roselies";"Sciensano Foodborne Pathogens";1774;96890;384.93;"SARS";NA;NA;NA
2024-12-16;"Tessenderlo";"University of Antwerpen Laboratory for Microbiology, Parasitology and Hygiene (LMPH)";878.42;45125;831.33;"SARS";NA;NA;NA
2024-12-16;"Vallée du Hain (l'Orchis)";"Sciensano Foodborne Pathogens";922;57826;31965.02;"SARS";NA;NA;NA
2024-12-16;"Wasmuel";"Sciensano Foodborne Pathogens";1138.64;157343;44559.17;"SARS";15.61;271114755406.977;0.000350320708397396
2024-12-23;"Aalst";"Sciensano Foodborne Pathogens";5216.04;98357;11665.71;"SARS";NA;NA;NA
2024-12-23;"Antwerpen-Noord";"University of Antwerpen Laboratory for Microbiology, Parasitology and Hygiene (LMPH)";2878.17;73974;2009.7;"SARS";NA;NA;NA
2024-12-23;"Antwerpen-Zuid";"University of Antwerpen Laboratory for Microbiology, Parasitology and Hygiene (LMPH)";5434.79;178677;39362.15;"SARS";NA;NA;NA
2024-12-23;"Arlon";"Sciensano Foodborne Pathogens";1125.96;19440;NA;"SARS";NA;NA;NA
2024-12-23;"Basse Wavre (Dyle)";"Sciensano Foodborne Pathogens";1493;78290;29110.54;"SARS";NA;NA;NA
2024-12-23;"Brugge";"Sciensano Foodborne Pathogens";4350.63;180586;17776.67;"SARS";NA;NA;NA
2024-12-23;"Brussels-North";"Sciensano Foodborne Pathogens";29505.63;1080145;56981.65;"SARS";10.99;720496319364.53;0.000192869107861917
2024-12-23;"Brussels-South";"Sciensano Foodborne Pathogens";7997;249307;72009.07;"SARS";11.02;848370306489.589;0.000153036277235632
2024-12-23;"Dendermonde";"University of Antwerpen Laboratory for Microbiology, Parasitology and Hygiene (LMPH)";4970.25;69500;957.6;"SARS";NA;NA;NA
2024-12-23;"Deurne";"University of Antwerpen Laboratory for Microbiology, Parasitology and Hygiene (LMPH)";6291.04;215592;8031.6;"SARS";NA;NA;NA
2024-12-23;"Genk";"University of Antwerpen Laboratory for Microbiology, Parasitology and Hygiene (LMPH)";3877.54;68582;2013.3;"SARS";NA;NA;NA
2024-12-23;"Gent";"Sciensano Foodborne Pathogens";5977.17;220130;41005.45;"SARS";NA;NA;NA
2024-12-23;"Grimbergen";"Sciensano Foodborne Pathogens";5121.21;107643;20138.66;"SARS";NA;NA;NA
2024-12-23;"Harelbeke";"Sciensano Foodborne Pathogens";2406.63;107894;31635;"SARS";NA;NA;NA
2024-12-23;"Hasselt";"University of Antwerpen Laboratory for Microbiology, Parasitology and Hygiene (LMPH)";4049.38;69586;NA;"SARS";NA;NA;NA
2024-12-23;"Leuven";"Sciensano Foodborne Pathogens";5971.13;120939;14520.32;"SARS";NA;NA;NA
2024-12-23;"Liedekerke";"Sciensano Foodborne Pathogens";6422.67;101075;8998.08;"SARS";NA;NA;NA
2024-12-23;"Liège Oupeye";"Sciensano Foodborne Pathogens";9636.25;253780;NA;"SARS";NA;NA;NA
2024-12-23;"Liège Sclessin";"Sciensano Foodborne Pathogens";5190;142240;11956.31;"SARS";NA;NA;NA
2024-12-23;"Marche-en-Famenne";"Sciensano Foodborne Pathogens";732.38;8633;2035.49;"SARS";NA;NA;NA
2024-12-23;"Marchienne-au-Pont";"Sciensano Foodborne Pathogens";1587.54;52017;9900.07;"SARS";NA;NA;NA
2024-12-23;"Mechelen-Noord";"University of Antwerpen Laboratory for Microbiology, Parasitology and Hygiene (LMPH)";4888.25;98143;NA;"SARS";NA;NA;NA
2024-12-23;"Montignies-sur-Sambre";"Sciensano Foodborne Pathogens";1610.25;123576;23022.64;"SARS";10.99;343690959409.594;0.000477356202416404
2024-12-23;"Mornimont";"Sciensano Foodborne Pathogens";830;34139;7879.87;"SARS";NA;NA;NA
2024-12-23;"Namur-Brumagne";"Sciensano Foodborne Pathogens";1626.29;82175;NA;"SARS";NA;NA;NA
2024-12-23;"Oostende";"Sciensano Foodborne Pathogens";2819.29;135491;34759.45;"SARS";8.74;436467566406.625;0.00025144241350194
2024-12-23;"Roselies";"Sciensano Foodborne Pathogens";1856.71;96890;14316.37;"SARS";NA;NA;NA
2024-12-23;"Tessenderlo";"University of Antwerpen Laboratory for Microbiology, Parasitology and Hygiene (LMPH)";2527.21;45125;NA;"SARS";NA;NA;NA
2024-12-23;"Vallée du Hain (l'Orchis)";"Sciensano Foodborne Pathogens";1493;57826;14914.54;"SARS";NA;NA;NA
2024-12-23;"Wasmuel";"Sciensano Foodborne Pathogens";1105.31;157343;10875.23;"SARS";NA;NA;NA
2024-12-30;"Aalst";"Sciensano Foodborne Pathogens";1584.29;98357;2318.32;"SARS";NA;NA;NA
2024-12-30;"Antwerpen-Noord";"University of Antwerpen Laboratory for Microbiology, Parasitology and Hygiene (LMPH)";1513.42;73974;9748.8;"SARS";NA;NA;NA
2024-12-30;"Antwerpen-Zuid";"University of Antwerpen Laboratory for Microbiology, Parasitology and Hygiene (LMPH)";2244.54;178677;35282.34;"SARS";NA;NA;NA
2024-12-30;"Arlon";"Sciensano Foodborne Pathogens";451.88;19440;21371.88;"SARS";8.27;461363901234.568;0.000386957066949655
2024-12-30;"Basse Wavre (Dyle)";"Sciensano Foodborne Pathogens";741.75;78290;13336.5;"SARS";NA;NA;NA
2024-12-30;"Brugge";"Sciensano Foodborne Pathogens";2807.33;180586;366.17;"SARS";NA;NA;NA
2024-12-30;"Brussels-North";"Sciensano Foodborne Pathogens";11991.67;1080145;63440.83;"SARS";11.26;300017951367.64;0.000177488220125746
2024-12-30;"Brussels-South";"Sciensano Foodborne Pathogens";2399;249307;38767.09;"SARS";NA;NA;NA
2024-12-30;"Dendermonde";"University of Antwerpen Laboratory for Microbiology, Parasitology and Hygiene (LMPH)";1383.08;69500;8923.5;"SARS";NA;NA;NA
2024-12-30;"Deurne";"University of Antwerpen Laboratory for Microbiology, Parasitology and Hygiene (LMPH)";2165.79;215592;2321.1;"SARS";NA;NA;NA
2024-12-30;"Genk";"University of Antwerpen Laboratory for Microbiology, Parasitology and Hygiene (LMPH)";2064.42;68582;1496.7;"SARS";NA;NA;NA
2024-12-30;"Gent";"Sciensano Foodborne Pathogens";2288;220130;31524.55;"SARS";NA;NA;NA
2024-12-30;"Grimbergen";"Sciensano Foodborne Pathogens";1246.42;107643;56195.67;"SARS";NA;NA;NA
2024-12-30;"Harelbeke";"Sciensano Foodborne Pathogens";1451.25;107894;19826.35;"SARS";NA;NA;NA
2024-12-30;"Hasselt";"University of Antwerpen Laboratory for Microbiology, Parasitology and Hygiene (LMPH)";2347.42;69586;5750.1;"SARS";NA;NA;NA
2024-12-30;"Leuven";"Sciensano Foodborne Pathogens";1243.83;120939;48590.41;"SARS";13.085;322982969265.497;0.000269291821163888
2024-12-30;"Liedekerke";"Sciensano Foodborne Pathogens";1969.04;101075;18240.77;"SARS";NA;NA;NA
2024-12-30;"Liège Oupeye";"Sciensano Foodborne Pathogens";3488.33;253780;11829.64;"SARS";NA;NA;NA
2024-12-30;"Liège Sclessin";"Sciensano Foodborne Pathogens";1746.25;142240;20112.46;"SARS";NA;NA;NA
2024-12-30;"Marche-en-Famenne";"Sciensano Foodborne Pathogens";340.75;8633;7018.24;"SARS";NA;NA;NA
2024-12-30;"Marchienne-au-Pont";"Sciensano Foodborne Pathogens";385;52017;9831.15;"SARS";NA;NA;NA
2024-12-30;"Mechelen-Noord";"University of Antwerpen Laboratory for Microbiology, Parasitology and Hygiene (LMPH)";1389.71;98143;11716.2;"SARS";NA;NA;NA
2024-12-30;"Montignies-sur-Sambre";"Sciensano Foodborne Pathogens";1767;123576;NA;"SARS";NA;NA;NA
2024-12-30;"Mornimont";"Sciensano Foodborne Pathogens";810;34139;6593.5;"SARS";NA;NA;NA
2024-12-30;"Namur-Brumagne";"Sciensano Foodborne Pathogens";804.92;82175;35699.66;"SARS";NA;NA;NA
2024-12-30;"Oostende";"Sciensano Foodborne Pathogens";1936.88;135491;22987.03;"SARS";NA;NA;NA
2024-12-30;"Roselies";"Sciensano Foodborne Pathogens";1864;96890;13410.83;"SARS";NA;NA;NA
2024-12-30;"Tessenderlo";"University of Antwerpen Laboratory for Microbiology, Parasitology and Hygiene (LMPH)";886.58;45125;1179.9;"SARS";NA;NA;NA
2024-12-30;"Vallée du Hain (l'Orchis)";"Sciensano Foodborne Pathogens";585;57826;12450.17;"SARS";NA;NA;NA
2024-12-30;"Wasmuel";"Sciensano Foodborne Pathogens";1155.78;157343;20752.37;"SARS";NA;NA;NA
2025-01-06;"Aalst";"Sciensano Foodborne Pathogens";5639.58;98357;7955.48;"SARS";NA;NA;NA
2025-01-06;"Antwerpen-Noord";"University of Antwerpen Laboratory for Microbiology, Parasitology and Hygiene (LMPH)";2801.67;73974;7712.1;"SARS";NA;NA;NA
2025-01-06;"Antwerpen-Zuid";"University of Antwerpen Laboratory for Microbiology, Parasitology and Hygiene (LMPH)";4353.75;178677;24769.8;"SARS";NA;NA;NA
2025-01-06;"Arlon";"Sciensano Foodborne Pathogens";1229.21;19440;8478.83;"SARS";NA;NA;NA
2025-01-06;"Basse Wavre (Dyle)";"Sciensano Foodborne Pathogens";783.75;78290;3401.58;"SARS";NA;NA;NA
2025-01-06;"Brugge";"Sciensano Foodborne Pathogens";9854.71;180586;NA;"SARS";36.86;4827545133288.29;NA
2025-01-06;"Brussels-North";"Sciensano Foodborne Pathogens";26291.67;1080145;54211.03;"SARS";8.54;498890489999.028;0.000157532516906615
2025-01-06;"Dendermonde";"University of Antwerpen Laboratory for Microbiology, Parasitology and Hygiene (LMPH)";4783.13;69500;2790.9;"SARS";NA;NA;NA
2025-01-06;"Deurne";"University of Antwerpen Laboratory for Microbiology, Parasitology and Hygiene (LMPH)";3600.71;215592;15849.9;"SARS";NA;NA;NA
2025-01-06;"Genk";"University of Antwerpen Laboratory for Microbiology, Parasitology and Hygiene (LMPH)";4210.83;68582;12555.9;"SARS";NA;NA;NA
2025-01-06;"Gent";"Sciensano Foodborne Pathogens";7299.29;220130;18444.68;"SARS";NA;NA;NA
2025-01-06;"Grimbergen";"Sciensano Foodborne Pathogens";4298.83;107643;20984.96;"SARS";NA;NA;NA
2025-01-06;"Harelbeke";"Sciensano Foodborne Pathogens";4481.58;107894;7829.64;"SARS";NA;NA;NA
2025-01-06;"Hasselt";"University of Antwerpen Laboratory for Microbiology, Parasitology and Hygiene (LMPH)";4059.71;69586;NA;"SARS";NA;NA;NA
2025-01-06;"Leuven";"Sciensano Foodborne Pathogens";7881.13;120939;31097.98;"SARS";NA;NA;NA
2025-01-06;"Liedekerke";"Sciensano Foodborne Pathogens";6760.88;101075;11099.09;"SARS";NA;NA;NA
2025-01-06;"Liège Oupeye";"Sciensano Foodborne Pathogens";7692.5;253780;18739.69;"SARS";NA;NA;NA
2025-01-06;"Liège Sclessin";"Sciensano Foodborne Pathogens";3141.67;142240;6793.33;"SARS";NA;NA;NA
2025-01-06;"Marche-en-Famenne";"Sciensano Foodborne Pathogens";916.25;8633;NA;"SARS";NA;NA;NA
2025-01-06;"Marchienne-au-Pont";"Sciensano Foodborne Pathogens";1492;52017;7914.98;"SARS";NA;NA;NA
2025-01-06;"Mechelen-Noord";"University of Antwerpen Laboratory for Microbiology, Parasitology and Hygiene (LMPH)";5189.38;98143;1521.9;"SARS";NA;NA;NA
2025-01-06;"Montignies-sur-Sambre";"Sciensano Foodborne Pathogens";918;123576;14401.75;"SARS";NA;NA;NA
2025-01-06;"Mornimont";"Sciensano Foodborne Pathogens";1133.75;34139;5493.85;"SARS";NA;NA;NA
2025-01-06;"Namur-Brumagne";"Sciensano Foodborne Pathogens";1703.04;82175;27300.03;"SARS";NA;NA;NA
2025-01-06;"Oostende";"Sciensano Foodborne Pathogens";6819.29;135491;11401.91;"SARS";NA;NA;NA
2025-01-06;"Roselies";"Sciensano Foodborne Pathogens";1898;96890;7744.27;"SARS";NA;NA;NA
2025-01-06;"Tessenderlo";"University of Antwerpen Laboratory for Microbiology, Parasitology and Hygiene (LMPH)";2500;45125;NA;"SARS";NA;NA;NA
2025-01-06;"Vallée du Hain (l'Orchis)";"Sciensano Foodborne Pathogens";1451;57826;11112.93;"SARS";NA;NA;NA
2025-01-06;"Wasmuel";"Sciensano Foodborne Pathogens";1403;157343;9786.5;"SARS";NA;NA;NA
2025-01-07;"Brussels-South";"Sciensano Foodborne Pathogens";9440;249307;17120.38;"SARS";NA;NA;NA
2025-01-13;"Aalst";"Sciensano Foodborne Pathogens";2270.75;98357;16608.23;"SARS";NA;NA;NA
2025-01-13;"Antwerpen-Noord";"University of Antwerpen Laboratory for Microbiology, Parasitology and Hygiene (LMPH)";1687.33;73974;14134.5;"SARS";NA;NA;NA
2025-01-13;"Antwerpen-Zuid";"University of Antwerpen Laboratory for Microbiology, Parasitology and Hygiene (LMPH)";2198;178677;43943.4;"SARS";NA;NA;NA
2025-01-13;"Arlon";"Sciensano Foodborne Pathogens";664.46;19440;11922.37;"SARS";NA;NA;NA
2025-01-13;"Basse Wavre (Dyle)";"Sciensano Foodborne Pathogens";786.38;78290;7650.16;"SARS";NA;NA;NA
2025-01-13;"Brugge";"Sciensano Foodborne Pathogens";3715.92;180586;7387.38;"SARS";NA;NA;NA
2025-01-13;"Brussels-North";"Sciensano Foodborne Pathogens";14850;1080145;72970.72;"SARS";9.95;328305921890.117;0.000136356061719002
2025-01-13;"Brussels-South";"Sciensano Foodborne Pathogens";3187;249307;60912.85;"SARS";18.86;578629432787.687;0.000309622682241924
2025-01-13;"Dendermonde";"University of Antwerpen Laboratory for Microbiology, Parasitology and Hygiene (LMPH)";2040.25;69500;14349.6;"SARS";NA;NA;NA
2025-01-13;"Deurne";"University of Antwerpen Laboratory for Microbiology, Parasitology and Hygiene (LMPH)";1955.54;215592;43567.2;"SARS";NA;NA;NA
2025-01-13;"Genk";"University of Antwerpen Laboratory for Microbiology, Parasitology and Hygiene (LMPH)";2742.13;68582;17329.5;"SARS";NA;NA;NA
2025-01-13;"Gent";"Sciensano Foodborne Pathogens";2945.67;220130;42268.03;"SARS";NA;NA;NA
2025-01-13;"Grimbergen";"Sciensano Foodborne Pathogens";1809.25;107643;29648.89;"SARS";NA;NA;NA
2025-01-13;"Harelbeke";"Sciensano Foodborne Pathogens";2280.08;107894;28429.58;"SARS";NA;NA;NA
2025-01-13;"Hasselt";"University of Antwerpen Laboratory for Microbiology, Parasitology and Hygiene (LMPH)";2748.88;69586;1565.1;"SARS";NA;NA;NA
2025-01-13;"Leuven";"Sciensano Foodborne Pathogens";1896.04;120939;41271.04;"SARS";NA;NA;NA
2025-01-13;"Liedekerke";"Sciensano Foodborne Pathogens";2901.5;101075;18850.1;"SARS";NA;NA;NA
2025-01-13;"Liège Oupeye";"Sciensano Foodborne Pathogens";5053.33;253780;30995.15;"SARS";NA;NA;NA
2025-01-13;"Marche-en-Famenne";"Sciensano Foodborne Pathogens";542.75;8633;6986.11;"SARS";10.64;1605428472141.78;0.00152302211101743
2025-01-13;"Marchienne-au-Pont";"Sciensano Foodborne Pathogens";1496;52017;9042.85;"SARS";NA;NA;NA
2025-01-13;"Mechelen-Noord";"University of Antwerpen Laboratory for Microbiology, Parasitology and Hygiene (LMPH)";1694.17;98143;23978.7;"SARS";NA;NA;NA
2025-01-13;"Montignies-sur-Sambre";"Sciensano Foodborne Pathogens";1866;123576;21867.3;"SARS";NA;NA;NA
2025-01-13;"Mornimont";"Sciensano Foodborne Pathogens";882.5;34139;6451.32;"SARS";NA;NA;NA
2025-01-13;"Namur-Brumagne";"Sciensano Foodborne Pathogens";1228.54;82175;31310.92;"SARS";NA;NA;NA
2025-01-13;"Oostende";"Sciensano Foodborne Pathogens";2399.54;135491;22785.14;"SARS";NA;NA;NA
2025-01-13;"Roselies";"Sciensano Foodborne Pathogens";1877;96890;16961.4;"SARS";NA;NA;NA
2025-01-13;"Tessenderlo";"University of Antwerpen Laboratory for Microbiology, Parasitology and Hygiene (LMPH)";1302.67;45125;2199.6;"SARS";NA;NA;NA
2025-01-13;"Vallée du Hain (l'Orchis)";"Sciensano Foodborne Pathogens";730;57826;36644.24;"SARS";NA;NA;NA
2025-01-13;"Wasmuel";"Sciensano Foodborne Pathogens";1456.65;157343;20335.11;"SARS";NA;NA;NA
2025-01-20;"Aalst";"Sciensano Foodborne Pathogens";1587.17;98357;20540.52;"SARS";9.455;366176902914.892;0.000460309670835987
2025-01-20;"Antwerpen-Noord";"University of Antwerpen Laboratory for Microbiology, Parasitology and Hygiene (LMPH)";1411.04;73974;20995.2;"SARS";NA;NA;NA
2025-01-20;"Antwerpen-Zuid";"University of Antwerpen Laboratory for Microbiology, Parasitology and Hygiene (LMPH)";2262.83;178677;40780.8;"SARS";10.4;316102446313.739;0.000255021971123666
2025-01-20;"Arlon";"Sciensano Foodborne Pathogens";540.83;19440;2140.32;"SARS";NA;NA;NA
2025-01-20;"Basse Wavre (Dyle)";"Sciensano Foodborne Pathogens";793;78290;4271.9;"SARS";NA;NA;NA
2025-01-20;"Brugge";"Sciensano Foodborne Pathogens";2977.63;180586;17920.81;"SARS";NA;NA;NA
2025-01-20;"Brussels-North";"Sciensano Foodborne Pathogens";12900;1080145;38562.89;"SARS";8.92;255672340287.647;0.000231310464542466
2025-01-20;"Brussels-South";"Sciensano Foodborne Pathogens";2807;249307;48850.62;"SARS";8.47;228877231686.234;0.000173385721614178
2025-01-20;"Dendermonde";"University of Antwerpen Laboratory for Microbiology, Parasitology and Hygiene (LMPH)";1360.33;69500;14798.7;"SARS";NA;NA;NA
2025-01-20;"Deurne";"University of Antwerpen Laboratory for Microbiology, Parasitology and Hygiene (LMPH)";1964.63;215592;57550.5;"SARS";NA;NA;NA
2025-01-20;"Genk";"University of Antwerpen Laboratory for Microbiology, Parasitology and Hygiene (LMPH)";2312.04;68582;45686.03;"SARS";NA;NA;NA
2025-01-20;"Gent";"Sciensano Foodborne Pathogens";2418.17;220130;34190.52;"SARS";NA;NA;NA
2025-01-20;"Grimbergen";"Sciensano Foodborne Pathogens";1302.54;107643;20657.36;"SARS";NA;NA;NA
2025-01-20;"Harelbeke";"Sciensano Foodborne Pathogens";1795.46;107894;42604.63;"SARS";9.8;391395436261.516;0.000230021948318763
2025-01-20;"Hasselt";"University of Antwerpen Laboratory for Microbiology, Parasitology and Hygiene (LMPH)";2411.92;69586;17181;"SARS";NA;NA;NA
2025-01-20;"Leuven";"Sciensano Foodborne Pathogens";1427.92;120939;56749.14;"SARS";11.78;333805920670.751;0.00020758023822035
2025-01-20;"Liedekerke";"Sciensano Foodborne Pathogens";2063.83;101075;12563.09;"SARS";NA;NA;NA
2025-01-20;"Liège Oupeye";"Sciensano Foodborne Pathogens";3846.25;253780;975.7;"SARS";NA;NA;NA
2025-01-20;"Liège Sclessin";"Sciensano Foodborne Pathogens";2182.5;142240;24804.79;"SARS";NA;NA;NA
2025-01-20;"Marche-en-Famenne";"Sciensano Foodborne Pathogens";313.04;8633;9196.82;"SARS";NA;NA;NA
2025-01-20;"Marchienne-au-Pont";"Sciensano Foodborne Pathogens";1512;52017;20325.4;"SARS";NA;NA;NA
2025-01-20;"Mechelen-Noord";"University of Antwerpen Laboratory for Microbiology, Parasitology and Hygiene (LMPH)";1385.92;98143;18673.2;"SARS";NA;NA;NA
2025-01-20;"Montignies-sur-Sambre";"Sciensano Foodborne Pathogens";2645;123576;15277.08;"SARS";NA;NA;NA
2025-01-20;"Mornimont";"Sciensano Foodborne Pathogens";844.58;34139;10399.12;"SARS";NA;NA;NA
2025-01-20;"Namur-Brumagne";"Sciensano Foodborne Pathogens";964.46;82175;40139.87;"SARS";NA;NA;NA
2025-01-20;"Oostende";"Sciensano Foodborne Pathogens";1967.83;135491;24748.6;"SARS";NA;NA;NA
2025-01-20;"Roselies";"Sciensano Foodborne Pathogens";1902;96890;13809.43;"SARS";NA;NA;NA
2025-01-20;"Tessenderlo";"University of Antwerpen Laboratory for Microbiology, Parasitology and Hygiene (LMPH)";863.13;45125;6821.1;"SARS";NA;NA;NA
2025-01-20;"Vallée du Hain (l'Orchis)";"Sciensano Foodborne Pathogens";584;57826;28923.8;"SARS";NA;NA;NA
2025-01-20;"Wasmuel";"Sciensano Foodborne Pathogens";1662.01;157343;18040.5;"SARS";NA;NA;NA
2025-01-27;"Aalst";"Sciensano Foodborne Pathogens";5242.33;98357;6859.51;"SARS";NA;NA;NA
2025-01-27;"Antwerpen-Noord";"University of Antwerpen Laboratory for Microbiology, Parasitology and Hygiene (LMPH)";2703.5;73974;9166.5;"SARS";NA;NA;NA
2025-01-27;"Antwerpen-Zuid";"University of Antwerpen Laboratory for Microbiology, Parasitology and Hygiene (LMPH)";4607.46;178677;11936.7;"SARS";NA;NA;NA
2025-01-27;"Arlon";"Sciensano Foodborne Pathogens";1286.46;19440;4490.4;"SARS";NA;NA;NA
2025-01-27;"Basse Wavre (Dyle)";"Sciensano Foodborne Pathogens";1788.79;78290;5658.96;"SARS";NA;NA;NA
2025-01-27;"Brugge";"Sciensano Foodborne Pathogens";8285.71;180586;8951.12;"SARS";NA;NA;NA
2025-01-27;"Brussels-North";"Sciensano Foodborne Pathogens";19949.58;1080145;25940.46;"SARS";NA;NA;NA
2025-01-27;"Brussels-South";"Sciensano Foodborne Pathogens";6902;249307;14594.42;"SARS";NA;NA;NA
2025-01-27;"Dendermonde";"University of Antwerpen Laboratory for Microbiology, Parasitology and Hygiene (LMPH)";4301.21;69500;NA;"SARS";NA;NA;NA
2025-01-27;"Deurne";"University of Antwerpen Laboratory for Microbiology, Parasitology and Hygiene (LMPH)";3690;215592;22437.9;"SARS";8.63;354499610375.153;0.0003846170987481
2025-01-27;"Genk";"University of Antwerpen Laboratory for Microbiology, Parasitology and Hygiene (LMPH)";3496.29;68582;9396.9;"SARS";NA;NA;NA
2025-01-27;"Gent";"Sciensano Foodborne Pathogens";7171.04;220130;19786.81;"SARS";NA;NA;NA
2025-01-27;"Grimbergen";"Sciensano Foodborne Pathogens";3180.75;107643;14937.06;"SARS";NA;NA;NA
2025-01-27;"Harelbeke";"Sciensano Foodborne Pathogens";5388.21;107894;8322.13;"SARS";NA;NA;NA
2025-01-27;"Hasselt";"University of Antwerpen Laboratory for Microbiology, Parasitology and Hygiene (LMPH)";3725.04;69586;1135.8;"SARS";NA;NA;NA
2025-01-27;"Leuven";"Sciensano Foodborne Pathogens";3321.67;120939;18009.26;"SARS";NA;NA;NA
2025-01-27;"Liedekerke";"Sciensano Foodborne Pathogens";6188.21;101075;6405.4;"SARS";NA;NA;NA
2025-01-27;"Liège Oupeye";"Sciensano Foodborne Pathogens";5685.83;253780;14138.12;"SARS";NA;NA;NA
2025-01-27;"Liège Sclessin";"Sciensano Foodborne Pathogens";2854.17;142240;NA;"SARS";NA;NA;NA
2025-01-27;"Marche-en-Famenne";"Sciensano Foodborne Pathogens";853.42;8633;1404.84;"SARS";NA;NA;NA
2025-01-27;"Marchienne-au-Pont";"Sciensano Foodborne Pathogens";1403;52017;7360.08;"SARS";NA;NA;NA
2025-01-27;"Mechelen-Noord";"University of Antwerpen Laboratory for Microbiology, Parasitology and Hygiene (LMPH)";3655.04;98143;1126.8;"SARS";NA;NA;NA
2025-01-27;"Montignies-sur-Sambre";"Sciensano Foodborne Pathogens";1585;123576;12319.94;"SARS";NA;NA;NA
2025-01-27;"Mornimont";"Sciensano Foodborne Pathogens";1121.25;34139;11061.96;"SARS";NA;NA;NA
2025-01-27;"Namur-Brumagne";"Sciensano Foodborne Pathogens";1514.42;82175;16366.09;"SARS";NA;NA;NA
2025-01-27;"Oostende";"Sciensano Foodborne Pathogens";5325.58;135491;8806.98;"SARS";NA;NA;NA
2025-01-27;"Roselies";"Sciensano Foodborne Pathogens";1886;96890;847.94;"SARS";NA;NA;NA
2025-01-27;"Tessenderlo";"University of Antwerpen Laboratory for Microbiology, Parasitology and Hygiene (LMPH)";2465.42;45125;NA;"SARS";NA;NA;NA
2025-01-27;"Vallée du Hain (l'Orchis)";"Sciensano Foodborne Pathogens";1135;57826;11318.58;"SARS";NA;NA;NA
2025-01-27;"Wasmuel";"Sciensano Foodborne Pathogens";1667.23;157343;10518.53;"SARS";NA;NA;NA
2025-02-03;"Aalst";"Sciensano Foodborne Pathogens";2554.71;98357;11473.64;"SARS";8.91;555424816129;0.00077656262528718
2025-02-03;"Antwerpen-Noord";"University of Antwerpen Laboratory for Microbiology, Parasitology and Hygiene (LMPH)";1654.88;73974;16837.2;"SARS";NA;NA;NA
2025-02-03;"Antwerpen-Zuid";"University of Antwerpen Laboratory for Microbiology, Parasitology and Hygiene (LMPH)";2509.67;178677;34475.4;"SARS";9.475;319402585671.351;0.000274833649500803
2025-02-03;"Arlon";"Sciensano Foodborne Pathogens";656.42;19440;1220.18;"SARS";NA;NA;NA
2025-02-03;"Basse Wavre (Dyle)";"Sciensano Foodborne Pathogens";1308.17;78290;7598.16;"SARS";NA;NA;NA
2025-02-03;"Brugge";"Sciensano Foodborne Pathogens";3506.54;180586;17898.97;"SARS";NA;NA;NA
2025-02-03;"Brussels-North";"Sciensano Foodborne Pathogens";13637.5;1080145;126641.93;"SARS";19.195;581637048729.569;0.000151569073528807
2025-02-03;"Brussels-South";"Sciensano Foodborne Pathogens";3037;249307;45133.45;"SARS";13.62;398197627824.329;0.000301771745789431
2025-02-03;"Dendermonde";"University of Antwerpen Laboratory for Microbiology, Parasitology and Hygiene (LMPH)";2159.38;69500;8763.3;"SARS";NA;NA;NA
2025-02-03;"Deurne";"University of Antwerpen Laboratory for Microbiology, Parasitology and Hygiene (LMPH)";2107.92;215592;32434.2;"SARS";10.57;248031998218.858;0.000325890572297143
2025-02-03;"Genk";"University of Antwerpen Laboratory for Microbiology, Parasitology and Hygiene (LMPH)";2458.67;68582;22212;"SARS";NA;NA;NA
2025-02-03;"Gent";"Sciensano Foodborne Pathogens";3323;220130;44478.97;"SARS";NA;NA;NA
2025-02-03;"Grimbergen";"Sciensano Foodborne Pathogens";1589.92;107643;27825.25;"SARS";8.4;297769359828.321;0.000301884080107097
2025-02-03;"Harelbeke";"Sciensano Foodborne Pathogens";2528.38;107894;19912.62;"SARS";NA;NA;NA
2025-02-03;"Hasselt";"University of Antwerpen Laboratory for Microbiology, Parasitology and Hygiene (LMPH)";2440.54;69586;22306.32;"SARS";9.96;838367892392.148;0.000446510226698084
2025-02-03;"Leuven";"Sciensano Foodborne Pathogens";1543.83;120939;34222.76;"SARS";NA;NA;NA
2025-02-03;"Liedekerke";"Sciensano Foodborne Pathogens";2732.67;101075;19636.34;"SARS";NA;NA;NA
2025-02-03;"Liège Oupeye";"Sciensano Foodborne Pathogens";4194.58;253780;15508.58;"SARS";NA;NA;NA
2025-02-03;"Liège Sclessin";"Sciensano Foodborne Pathogens";2464.17;142240;32491.04;"SARS";NA;NA;NA
2025-02-03;"Marche-en-Famenne";"Sciensano Foodborne Pathogens";496.75;8633;1491.67;"SARS";NA;NA;NA
2025-02-03;"Marchienne-au-Pont";"Sciensano Foodborne Pathogens";1527;52017;13363.9;"SARS";NA;NA;NA
2025-02-03;"Mechelen-Noord";"University of Antwerpen Laboratory for Microbiology, Parasitology and Hygiene (LMPH)";1668.5;98143;16874.1;"SARS";NA;NA;NA
2025-02-03;"Montignies-sur-Sambre";"Sciensano Foodborne Pathogens";2232;123576;15923.54;"SARS";NA;NA;NA
2025-02-03;"Mornimont";"Sciensano Foodborne Pathogens";900.83;34139;10109.23;"SARS";NA;NA;NA
2025-02-03;"Namur-Brumagne";"Sciensano Foodborne Pathogens";1115.58;82175;21167.33;"SARS";NA;NA;NA
2025-02-03;"Oostende";"Sciensano Foodborne Pathogens";2324.88;135491;18356.52;"SARS";NA;NA;NA
2025-02-03;"Roselies";"Sciensano Foodborne Pathogens";1850;96890;18057.88;"SARS";NA;NA;NA
2025-02-03;"Tessenderlo";"University of Antwerpen Laboratory for Microbiology, Parasitology and Hygiene (LMPH)";1041.08;45125;2607.3;"SARS";NA;NA;NA
2025-02-03;"Vallée du Hain (l'Orchis)";"Sciensano Foodborne Pathogens";758;57826;26215.64;"SARS";NA;NA;NA
2025-02-03;"Wasmuel";"Sciensano Foodborne Pathogens";1588.14;157343;13743.91;"SARS";NA;NA;NA
2025-02-10;"Aalst";"Sciensano Foodborne Pathogens";2115.42;98357;9697.45;"SARS";NA;NA;NA
2025-02-10;"Antwerpen-Noord";"University of Antwerpen Laboratory for Microbiology, Parasitology and Hygiene (LMPH)";1358.63;73974;23330.7;"SARS";NA;NA;NA
2025-02-10;"Antwerpen-Zuid";"University of Antwerpen Laboratory for Microbiology, Parasitology and Hygiene (LMPH)";2475.46;178677;34165.8;"SARS";NA;NA;NA
2025-02-10;"Arlon";"Sciensano Foodborne Pathogens";670.79;19440;14493.02;"SARS";NA;NA;NA
2025-02-10;"Basse Wavre (Dyle)";"Sciensano Foodborne Pathogens";887.21;78290;4299.61;"SARS";NA;NA;NA
2025-02-10;"Brugge";"Sciensano Foodborne Pathogens";3582.79;180586;20525.23;"SARS";NA;NA;NA
2025-02-10;"Brussels-North";"Sciensano Foodborne Pathogens";26801.25;1080145;41448.65;"SARS";NA;NA;NA
2025-02-10;"Brussels-South";"Sciensano Foodborne Pathogens";3440;249307;75670.74;"SARS";10.23;338774603200.071;0.000135190960204697
2025-02-10;"Dendermonde";"University of Antwerpen Laboratory for Microbiology, Parasitology and Hygiene (LMPH)";1811.63;69500;13592.7;"SARS";NA;NA;NA
2025-02-10;"Deurne";"University of Antwerpen Laboratory for Microbiology, Parasitology and Hygiene (LMPH)";2167.83;215592;39521.7;"SARS";NA;NA;NA
2025-02-10;"Genk";"University of Antwerpen Laboratory for Microbiology, Parasitology and Hygiene (LMPH)";2381.83;68582;25888.5;"SARS";NA;NA;NA
2025-02-10;"Gent";"Sciensano Foodborne Pathogens";3437.71;220130;30352.14;"SARS";NA;NA;NA
2025-02-10;"Grimbergen";"Sciensano Foodborne Pathogens";1562.75;107643;46852.39;"SARS";NA;NA;NA
2025-02-10;"Harelbeke";"Sciensano Foodborne Pathogens";3554.38;107894;11654.57;"SARS";NA;NA;NA
2025-02-10;"Hasselt";"University of Antwerpen Laboratory for Microbiology, Parasitology and Hygiene (LMPH)";2124.83;69586;6314.4;"SARS";NA;NA;NA
2025-02-10;"Leuven";"Sciensano Foodborne Pathogens";1637.21;120939;54392.56;"SARS";15.48;502944673926.525;0.000284597746456501
2025-02-10;"Liedekerke";"Sciensano Foodborne Pathogens";2717.04;101075;25185.89;"SARS";NA;NA;NA
2025-02-10;"Liège Oupeye";"Sciensano Foodborne Pathogens";5804.17;253780;30425.44;"SARS";NA;NA;NA
2025-02-10;"Liège Sclessin";"Sciensano Foodborne Pathogens";3842.92;142240;28465.85;"SARS";NA;NA;NA
2025-02-10;"Marche-en-Famenne";"Sciensano Foodborne Pathogens";319.13;8633;2972.73;"SARS";NA;NA;NA
2025-02-10;"Marchienne-au-Pont";"Sciensano Foodborne Pathogens";1470;52017;14538.94;"SARS";NA;NA;NA
2025-02-10;"Mechelen-Noord";"University of Antwerpen Laboratory for Microbiology, Parasitology and Hygiene (LMPH)";1384.96;98143;20977.2;"SARS";NA;NA;NA
2025-02-10;"Montignies-sur-Sambre";"Sciensano Foodborne Pathogens";2941;123576;21108.36;"SARS";NA;NA;NA
2025-02-10;"Mornimont";"Sciensano Foodborne Pathogens";879.58;34139;9170.62;"SARS";NA;NA;NA
2025-02-10;"Namur-Brumagne";"Sciensano Foodborne Pathogens";1110.96;82175;40786.79;"SARS";NA;NA;NA
2025-02-10;"Oostende";"Sciensano Foodborne Pathogens";2792.29;135491;20793.86;"SARS";NA;NA;NA
2025-02-10;"Roselies";"Sciensano Foodborne Pathogens";1915;96890;20749.73;"SARS";NA;NA;NA
2025-02-10;"Tessenderlo";"University of Antwerpen Laboratory for Microbiology, Parasitology and Hygiene (LMPH)";835.75;45125;11833.2;"SARS";NA;NA;NA
2025-02-10;"Vallée du Hain (l'Orchis)";"Sciensano Foodborne Pathogens";1254;57826;11067.42;"SARS";NA;NA;NA
2025-02-10;"Wasmuel";"Sciensano Foodborne Pathogens";1928.65;157343;22502.31;"SARS";NA;NA;NA
2025-02-17;"Aalst";"Sciensano Foodborne Pathogens";1862.79;98357;7268.35;"SARS";NA;NA;NA
2025-02-17;"Antwerpen-Noord";"University of Antwerpen Laboratory for Microbiology, Parasitology and Hygiene (LMPH)";1226.29;73974;20300.4;"SARS";NA;NA;NA
2025-02-17;"Antwerpen-Zuid";"University of Antwerpen Laboratory for Microbiology, Parasitology and Hygiene (LMPH)";2277.25;178677;57344.4;"SARS";10.44;319340351584.143;0.000182057881850713
2025-02-17;"Arlon";"Sciensano Foodborne Pathogens";560.75;19440;15546.09;"SARS";NA;NA;NA
2025-02-17;"Basse Wavre (Dyle)";"Sciensano Foodborne Pathogens";829.21;78290;4707.74;"SARS";NA;NA;NA
2025-02-17;"Brugge";"Sciensano Foodborne Pathogens";3374;180586;13606.98;"SARS";NA;NA;NA
2025-02-17;"Brussels-North";"Sciensano Foodborne Pathogens";12791.46;1080145;44275.14;"SARS";NA;NA;NA
2025-02-17;"Brussels-South";"Sciensano Foodborne Pathogens";2816;249307;28607.12;"SARS";9.665;262006024700.47;0.000337852954089751
2025-02-17;"Dendermonde";"University of Antwerpen Laboratory for Microbiology, Parasitology and Hygiene (LMPH)";1754.75;69500;11908.8;"SARS";NA;NA;NA
2025-02-17;"Deurne";"University of Antwerpen Laboratory for Microbiology, Parasitology and Hygiene (LMPH)";1980;215592;51660;"SARS";12.765;281361460536.569;0.000247096399535424
2025-02-17;"Genk";"University of Antwerpen Laboratory for Microbiology, Parasitology and Hygiene (LMPH)";2106.79;68582;34740;"SARS";9.09;670171920328.949;0.000261658031088083
2025-02-17;"Gent";"Sciensano Foodborne Pathogens";2995.25;220130;22666.64;"SARS";NA;NA;NA
2025-02-17;"Grimbergen";"Sciensano Foodborne Pathogens";1359.96;107643;18190.81;"SARS";NA;NA;NA
2025-02-17;"Harelbeke";"Sciensano Foodborne Pathogens";2027.54;107894;17430.85;"SARS";NA;NA;NA
2025-02-17;"Hasselt";"University of Antwerpen Laboratory for Microbiology, Parasitology and Hygiene (LMPH)";1988.33;69586;19383.3;"SARS";NA;NA;NA
2025-02-17;"Leuven";"Sciensano Foodborne Pathogens";1549.21;120939;26148.39;"SARS";NA;NA;NA
2025-02-17;"Liedekerke";"Sciensano Foodborne Pathogens";2325.29;101075;10319.69;"SARS";NA;NA;NA
2025-02-17;"Liège Oupeye";"Sciensano Foodborne Pathogens";3734.58;253780;14949.83;"SARS";NA;NA;NA
2025-02-17;"Liège Sclessin";"Sciensano Foodborne Pathogens";2497.08;142240;20658.29;"SARS";NA;NA;NA
2025-02-17;"Marche-en-Famenne";"Sciensano Foodborne Pathogens";254.13;8633;1085.48;"SARS";NA;NA;NA
2025-02-17;"Marchienne-au-Pont";"Sciensano Foodborne Pathogens";1364;52017;8694.06;"SARS";NA;NA;NA
2025-02-17;"Mechelen-Noord";"University of Antwerpen Laboratory for Microbiology, Parasitology and Hygiene (LMPH)";1377.75;98143;26519.4;"SARS";NA;NA;NA
2025-02-17;"Montignies-sur-Sambre";"Sciensano Foodborne Pathogens";2654;123576;16265.48;"SARS";NA;NA;NA
2025-02-17;"Mornimont";"Sciensano Foodborne Pathogens";822.08;34139;4251.13;"SARS";NA;NA;NA
2025-02-17;"Namur-Brumagne";"Sciensano Foodborne Pathogens";994.58;82175;18026.74;"SARS";NA;NA;NA
2025-02-17;"Oostende";"Sciensano Foodborne Pathogens";2162.96;135491;11984.95;"SARS";NA;NA;NA
2025-02-17;"Roselies";"Sciensano Foodborne Pathogens";1932;96890;9106.62;"SARS";NA;NA;NA
2025-02-17;"Tessenderlo";"University of Antwerpen Laboratory for Microbiology, Parasitology and Hygiene (LMPH)";803.54;45125;16756.2;"SARS";NA;NA;NA
2025-02-17;"Vallée du Hain (l'Orchis)";"Sciensano Foodborne Pathogens";589;57826;12682.79;"SARS";NA;NA;NA
2025-02-17;"Wasmuel";"Sciensano Foodborne Pathogens";1886.06;157343;4369.73;"SARS";NA;NA;NA
2025-02-24;"Aalst";"Sciensano Foodborne Pathogens";1612.88;98357;23180.98;"SARS";17.525;689709250993.829;0.000756007727024483
2025-02-24;"Antwerpen-Noord";"University of Antwerpen Laboratory for Microbiology, Parasitology and Hygiene (LMPH)";1171.71;73974;20111.4;"SARS";NA;NA;NA
2025-02-24;"Antwerpen-Zuid";"University of Antwerpen Laboratory for Microbiology, Parasitology and Hygiene (LMPH)";2391.25;178677;35007.3;"SARS";NA;NA;NA
2025-02-24;"Arlon";"Sciensano Foodborne Pathogens";519.54;19440;15798.87;"SARS";NA;NA;NA
2025-02-24;"Basse Wavre (Dyle)";"Sciensano Foodborne Pathogens";876.67;78290;15238.78;"SARS";NA;NA;NA
2025-02-24;"Brugge";"Sciensano Foodborne Pathogens";4364.42;180586;25462.16;"SARS";NA;NA;NA
2025-02-24;"Brussels-North";"Sciensano Foodborne Pathogens";12629.17;1080145;150235.73;"SARS";21.995;617202899573.668;0.000146403255736834
2025-02-24;"Brussels-South";"Sciensano Foodborne Pathogens";2681;249307;105647.72;"SARS";21.965;566897824770.263;0.000207907941600633
2025-02-24;"Dendermonde";"University of Antwerpen Laboratory for Microbiology, Parasitology and Hygiene (LMPH)";1431.38;69500;14977.8;"SARS";NA;NA;NA
2025-02-24;"Deurne";"University of Antwerpen Laboratory for Microbiology, Parasitology and Hygiene (LMPH)";2057.83;215592;36461.21;"SARS";NA;NA;NA
2025-02-24;"Genk";"University of Antwerpen Laboratory for Microbiology, Parasitology and Hygiene (LMPH)";2039.54;68582;23620.5;"SARS";NA;NA;NA
2025-02-24;"Gent";"Sciensano Foodborne Pathogens";2748.75;220130;34344.49;"SARS";NA;NA;NA
2025-02-24;"Grimbergen";"Sciensano Foodborne Pathogens";1226.67;107643;57187.25;"SARS";NA;NA;NA
2025-02-24;"Harelbeke";"Sciensano Foodborne Pathogens";1978.58;107894;22125.01;"SARS";NA;NA;NA
2025-02-24;"Hasselt";"University of Antwerpen Laboratory for Microbiology, Parasitology and Hygiene (LMPH)";1952;69586;10814.4;"SARS";NA;NA;NA
2025-02-24;"Leuven";"Sciensano Foodborne Pathogens";1425.04;120939;42344.18;"SARS";NA;NA;NA
2025-02-24;"Liedekerke";"Sciensano Foodborne Pathogens";1880.54;101075;31874.39;"SARS";NA;NA;NA
2025-02-24;"Liège Oupeye";"Sciensano Foodborne Pathogens";4106.25;253780;38524.31;"SARS";NA;NA;NA
2025-02-24;"Liège Sclessin";"Sciensano Foodborne Pathogens";2088.33;142240;34604.39;"SARS";8.91;313954223284.589;0.00025748178193576
2025-02-24;"Marche-en-Famenne";"Sciensano Foodborne Pathogens";325.83;8633;28601.66;"SARS";NA;NA;NA
2025-02-24;"Marchienne-au-Pont";"Sciensano Foodborne Pathogens";1242;52017;34662.13;"SARS";NA;NA;NA
2025-02-24;"Mechelen-Noord";"University of Antwerpen Laboratory for Microbiology, Parasitology and Hygiene (LMPH)";1196.33;98143;14467.5;"SARS";NA;NA;NA
2025-02-24;"Montignies-sur-Sambre";"Sciensano Foodborne Pathogens";2447;123576;28910.22;"SARS";NA;NA;NA
2025-02-24;"Mornimont";"Sciensano Foodborne Pathogens";657.5;34139;23671.28;"SARS";NA;NA;NA
2025-02-24;"Namur-Brumagne";"Sciensano Foodborne Pathogens";1031.96;82175;57822.5;"SARS";12.75;384277164587.77;0.000220502399584937
2025-02-24;"Oostende";"Sciensano Foodborne Pathogens";3021.67;135491;28462.98;"SARS";NA;NA;NA
2025-02-24;"Roselies";"Sciensano Foodborne Pathogens";1847;96890;18351.4;"SARS";NA;NA;NA
2025-02-24;"Tessenderlo";"University of Antwerpen Laboratory for Microbiology, Parasitology and Hygiene (LMPH)";731.92;45125;10512.9;"SARS";NA;NA;NA
2025-02-24;"Vallée du Hain (l'Orchis)";"Sciensano Foodborne Pathogens";600.96;57826;33941.54;"SARS";NA;NA;NA
2025-02-24;"Wasmuel";"Sciensano Foodborne Pathogens";2200.45;157343;31187.18;"SARS";NA;NA;NA
2025-03-03;"Aalst";"Sciensano Foodborne Pathogens";1734.79;98357;18660.1;"SARS";8.91;377164303099.932;0.000477489402521959
2025-03-03;"Antwerpen-Noord";"University of Antwerpen Laboratory for Microbiology, Parasitology and Hygiene (LMPH)";1103.21;73974;20186.1;"SARS";NA;NA;NA
2025-03-03;"Antwerpen-Zuid";"University of Antwerpen Laboratory for Microbiology, Parasitology and Hygiene (LMPH)";2405.5;178677;46717.2;"SARS";NA;NA;NA
2025-03-03;"Arlon";"Sciensano Foodborne Pathogens";547.75;19440;9000.26;"SARS";NA;NA;NA
2025-03-03;"Basse Wavre (Dyle)";"Sciensano Foodborne Pathogens";888.88;78290;12096.08;"SARS";NA;NA;NA
2025-03-03;"Brugge";"Sciensano Foodborne Pathogens";3040.08;180586;32317.96;"SARS";NA;NA;NA
2025-03-03;"Brussels-North";"Sciensano Foodborne Pathogens";12308.33;1080145;109252.24;"SARS";18.1;495001925852.548;0.000165671660370533
2025-03-03;"Brussels-South";"Sciensano Foodborne Pathogens";2591;249307;99777.13;"SARS";22.22;554227711215.489;0.000222696323295729
2025-03-03;"Dendermonde";"University of Antwerpen Laboratory for Microbiology, Parasitology and Hygiene (LMPH)";1316.63;69500;10965.6;"SARS";NA;NA;NA
2025-03-03;"Deurne";"University of Antwerpen Laboratory for Microbiology, Parasitology and Hygiene (LMPH)";1968.63;215592;35649.9;"SARS";NA;NA;NA
2025-03-03;"Genk";"University of Antwerpen Laboratory for Microbiology, Parasitology and Hygiene (LMPH)";2050.67;68582;22445.1;"SARS";NA;NA;NA
2025-03-03;"Gent";"Sciensano Foodborne Pathogens";2718.54;220130;39358.96;"SARS";NA;NA;NA
2025-03-03;"Grimbergen";"Sciensano Foodborne Pathogens";1147.96;107643;65736.85;"SARS";8.52;218067928987.486;0.000129607670583546
2025-03-03;"Harelbeke";"Sciensano Foodborne Pathogens";1826.46;107894;30798;"SARS";NA;NA;NA
2025-03-03;"Hasselt";"University of Antwerpen Laboratory for Microbiology, Parasitology and Hygiene (LMPH)";2102.38;69586;6867.9;"SARS";NA;NA;NA
2025-03-03;"Leuven";"Sciensano Foodborne Pathogens";1311.04;120939;46708.12;"SARS";NA;NA;NA
2025-03-03;"Liedekerke";"Sciensano Foodborne Pathogens";1817.75;101075;26887.22;"SARS";NA;NA;NA
2025-03-03;"Liège Oupeye";"Sciensano Foodborne Pathogens";3570;253780;27253.04;"SARS";NA;NA;NA
2025-03-03;"Liège Sclessin";"Sciensano Foodborne Pathogens";1662.92;142240;46810.76;"SARS";NA;NA;NA
2025-03-03;"Marche-en-Famenne";"Sciensano Foodborne Pathogens";313.08;8633;12634.44;"SARS";14.63;1273353985868.18;0.00115794605855107
2025-03-03;"Marchienne-au-Pont";"Sciensano Foodborne Pathogens";1325;52017;26541.74;"SARS";NA;NA;NA
2025-03-03;"Mechelen-Noord";"University of Antwerpen Laboratory for Microbiology, Parasitology and Hygiene (LMPH)";1202.46;98143;15762.6;"SARS";NA;NA;NA
2025-03-03;"Montignies-sur-Sambre";"Sciensano Foodborne Pathogens";2221;123576;33207.72;"SARS";NA;NA;NA
2025-03-03;"Mornimont";"Sciensano Foodborne Pathogens";521.67;34139;25928.45;"SARS";NA;NA;NA
2025-03-03;"Namur-Brumagne";"Sciensano Foodborne Pathogens";1003.46;82175;44422.56;"SARS";NA;NA;NA
2025-03-03;"Oostende";"Sciensano Foodborne Pathogens";NA;135491;9950.34;"SARS";NA;NA;NA
2025-03-03;"Roselies";"Sciensano Foodborne Pathogens";1867;96890;17653.27;"SARS";NA;NA;NA
2025-03-03;"Tessenderlo";"University of Antwerpen Laboratory for Microbiology, Parasitology and Hygiene (LMPH)";703.25;45125;5850;"SARS";NA;NA;NA
2025-03-03;"Vallée du Hain (l'Orchis)";"Sciensano Foodborne Pathogens";578.13;57826;73292.62;"SARS";NA;NA;NA
2025-03-03;"Wasmuel";"Sciensano Foodborne Pathogens";1454.02;157343;21292.91;"SARS";NA;NA;NA
2025-03-10;"Aalst";"Sciensano Foodborne Pathogens";1382.17;98357;22395.83;"SARS";19.35;652601998840.957;0.000864000128595368
2025-03-10;"Antwerpen-Noord";"University of Antwerpen Laboratory for Microbiology, Parasitology and Hygiene (LMPH)";1056.5;73974;32762.7;"SARS";NA;NA;NA
2025-03-10;"Antwerpen-Zuid";"University of Antwerpen Laboratory for Microbiology, Parasitology and Hygiene (LMPH)";2140.67;178677;58229.1;"SARS";10.05;288973736966.705;0.000172594115313477
2025-03-10;"Arlon";"Sciensano Foodborne Pathogens";526;19440;43438.04;"SARS";NA;NA;NA
2025-03-10;"Basse Wavre (Dyle)";"Sciensano Foodborne Pathogens";1012.38;78290;19178.59;"SARS";NA;NA;NA
2025-03-10;"Brugge";"Sciensano Foodborne Pathogens";2497.38;180586;8780.77;"SARS";NA;NA;NA
2025-03-10;"Brussels-North";"Sciensano Foodborne Pathogens";11829.17;1080145;83662.49;"SARS";16.49;433415172888.825;0.000197101472834481
2025-03-10;"Brussels-South";"Sciensano Foodborne Pathogens";2495;249307;99094.61;"SARS";26.44;635051242042.943;0.000266815722873323
2025-03-10;"Dendermonde";"University of Antwerpen Laboratory for Microbiology, Parasitology and Hygiene (LMPH)";1004.58;69500;28862.1;"SARS";NA;NA;NA
2025-03-10;"Deurne";"University of Antwerpen Laboratory for Microbiology, Parasitology and Hygiene (LMPH)";1927.29;215592;43142.4;"SARS";11.075;237612565401.314;0.000256708018098205
2025-03-10;"Genk";"University of Antwerpen Laboratory for Microbiology, Parasitology and Hygiene (LMPH)";1867.63;68582;19448.1;"SARS";NA;NA;NA
2025-03-10;"Gent";"Sciensano Foodborne Pathogens";2409.17;220130;39598.1;"SARS";NA;NA;NA
2025-03-10;"Grimbergen";"Sciensano Foodborne Pathogens";1046.67;107643;26751.82;"SARS";NA;NA;NA
2025-03-10;"Harelbeke";"Sciensano Foodborne Pathogens";1570.75;107894;29265.11;"SARS";NA;NA;NA
2025-03-10;"Hasselt";"University of Antwerpen Laboratory for Microbiology, Parasitology and Hygiene (LMPH)";1441.42;69586;41940.23;"SARS";NA;NA;NA
2025-03-10;"Leuven";"Sciensano Foodborne Pathogens";1294.54;120939;61483.88;"SARS";9.2;236345952918.413;0.000149632716738111
2025-03-10;"Liedekerke";"Sciensano Foodborne Pathogens";1541.75;101075;31352.56;"SARS";NA;NA;NA
2025-03-10;"Liège Oupeye";"Sciensano Foodborne Pathogens";3592.5;253780;16126.66;"SARS";NA;NA;NA
2025-03-10;"Liège Sclessin";"Sciensano Foodborne Pathogens";1735.42;142240;25788.67;"SARS";NA;NA;NA
2025-03-10;"Marche-en-Famenne";"Sciensano Foodborne Pathogens";250.88;8633;6162.16;"SARS";NA;NA;NA
2025-03-10;"Marchienne-au-Pont";"Sciensano Foodborne Pathogens";1099;52017;26727.79;"SARS";8.36;423906338312.475;0.00031278306212373
2025-03-10;"Mechelen-Noord";"University of Antwerpen Laboratory for Microbiology, Parasitology and Hygiene (LMPH)";1119.92;98143;25470.9;"SARS";NA;NA;NA
2025-03-10;"Montignies-sur-Sambre";"Sciensano Foodborne Pathogens";1664;123576;45009.1;"SARS";10.32;333510973004.467;0.000229286966413459
2025-03-10;"Mornimont";"Sciensano Foodborne Pathogens";508.33;34139;18668.83;"SARS";NA;NA;NA
2025-03-10;"Namur-Brumagne";"Sciensano Foodborne Pathogens";769.33;82175;32758.91;"SARS";NA;NA;NA
2025-03-10;"Oostende";"Sciensano Foodborne Pathogens";1839.83;135491;30010.34;"SARS";NA;NA;NA
2025-03-10;"Roselies";"Sciensano Foodborne Pathogens";1833;96890;19988.13;"SARS";NA;NA;NA
2025-03-10;"Tessenderlo";"University of Antwerpen Laboratory for Microbiology, Parasitology and Hygiene (LMPH)";664.58;45125;12213;"SARS";NA;NA;NA
2025-03-10;"Vallée du Hain (l'Orchis)";"Sciensano Foodborne Pathogens";532;57826;23322.94;"SARS";NA;NA;NA
2025-03-10;"Wasmuel";"Sciensano Foodborne Pathogens";2312.89;157343;21164.05;"SARS";NA;NA;NA
2025-03-17;"Aalst";"Sciensano Foodborne Pathogens";1104.29;98357;16500.14;"SARS";NA;NA;NA
2025-03-17;"Antwerpen-Noord";"University of Antwerpen Laboratory for Microbiology, Parasitology and Hygiene (LMPH)";938.21;73974;34476.3;"SARS";8.94;272125797712.71;0.000259308568494879
2025-03-17;"Antwerpen-Zuid";"University of Antwerpen Laboratory for Microbiology, Parasitology and Hygiene (LMPH)";2050.83;178677;76114.8;"SARS";12.285;338413291693.951;0.000161400936480159
2025-03-17;"Arlon";"Sciensano Foodborne Pathogens";404.63;19440;61165.66;"SARS";NA;NA;NA
2025-03-17;"Basse Wavre (Dyle)";"Sciensano Foodborne Pathogens";860.08;78290;19214.15;"SARS";NA;NA;NA
2025-03-17;"Brugge";"Sciensano Foodborne Pathogens";2252.46;180586;44777.44;"SARS";NA;NA;NA
2025-03-17;"Brussels-North";"Sciensano Foodborne Pathogens";11841.67;1080145;125632.42;"SARS";23.035;606080557962.125;0.000183352354432081
2025-03-17;"Brussels-South";"Sciensano Foodborne Pathogens";2460;249307;74599.98;"SARS";20.135;476829932573.093;0.000269906238580761
2025-03-17;"Dendermonde";"University of Antwerpen Laboratory for Microbiology, Parasitology and Hygiene (LMPH)";856.75;69500;26816.4;"SARS";NA;NA;NA
2025-03-17;"Deurne";"University of Antwerpen Laboratory for Microbiology, Parasitology and Hygiene (LMPH)";2028.29;215592;98847;"SARS";16.21;366008915729.712;0.000163990814086416
2025-03-17;"Genk";"University of Antwerpen Laboratory for Microbiology, Parasitology and Hygiene (LMPH)";1614.58;68582;26079.3;"SARS";NA;NA;NA
2025-03-17;"Gent";"Sciensano Foodborne Pathogens";2088.88;220130;78201.33;"SARS";NA;NA;NA
2025-03-17;"Grimbergen";"Sciensano Foodborne Pathogens";937.5;107643;59529.66;"SARS";NA;NA;NA
2025-03-17;"Harelbeke";"Sciensano Foodborne Pathogens";1367.83;107894;45722.17;"SARS";12.87;391583712161.937;0.000281482703030062
2025-03-17;"Hasselt";"University of Antwerpen Laboratory for Microbiology, Parasitology and Hygiene (LMPH)";1403.75;69586;25381.8;"SARS";NA;NA;NA
2025-03-17;"Leuven";"Sciensano Foodborne Pathogens";1238.17;120939;52120.06;"SARS";10.28;252591225659.217;0.000197236917992804
2025-03-17;"Liedekerke";"Sciensano Foodborne Pathogens";1385.83;101075;30543.79;"SARS";NA;NA;NA
2025-03-17;"Liège Oupeye";"Sciensano Foodborne Pathogens";3385.42;253780;18610.82;"SARS";NA;NA;NA
2025-03-17;"Liège Sclessin";"Sciensano Foodborne Pathogens";1620.83;142240;40915.85;"SARS";NA;NA;NA
2025-03-17;"Marche-en-Famenne";"Sciensano Foodborne Pathogens";231;8633;16679.91;"SARS";NA;NA;NA
2025-03-17;"Marchienne-au-Pont";"Sciensano Foodborne Pathogens";967;52017;22261.42;"SARS";NA;NA;NA
2025-03-17;"Mechelen-Noord";"University of Antwerpen Laboratory for Microbiology, Parasitology and Hygiene (LMPH)";1012.75;98143;39870;"SARS";NA;NA;NA
2025-03-17;"Montignies-sur-Sambre";"Sciensano Foodborne Pathogens";1673;123576;34959.45;"SARS";NA;NA;NA
2025-03-17;"Mornimont";"Sciensano Foodborne Pathogens";480.83;34139;24058.45;"SARS";NA;NA;NA
2025-03-17;"Namur-Brumagne";"Sciensano Foodborne Pathogens";741.63;82175;62336.82;"SARS";11.02;238693401156.069;0.000176781555427434
2025-03-17;"Oostende";"Sciensano Foodborne Pathogens";1599.92;135491;51236.47;"SARS";NA;NA;NA
2025-03-17;"Roselies";"Sciensano Foodborne Pathogens";1677;96890;30711.38;"SARS";NA;NA;NA
2025-03-17;"Tessenderlo";"University of Antwerpen Laboratory for Microbiology, Parasitology and Hygiene (LMPH)";586.75;45125;34698.38;"SARS";NA;NA;NA
2025-03-17;"Vallée du Hain (l'Orchis)";"Sciensano Foodborne Pathogens";527;57826;43037.25;"SARS";NA;NA;NA
2025-03-17;"Wasmuel";"Sciensano Foodborne Pathogens";1868.24;157343;34355.05;"SARS";NA;NA;NA
2025-03-24;"Aalst";"Sciensano Foodborne Pathogens";1041.75;98357;37861.82;"SARS";13.095;332870248177.557;0.000345862929991215
2025-03-24;"Antwerpen-Noord";"University of Antwerpen Laboratory for Microbiology, Parasitology and Hygiene (LMPH)";855.13;73974;32930.1;"SARS";NA;NA;NA
2025-03-24;"Antwerpen-Zuid";"University of Antwerpen Laboratory for Microbiology, Parasitology and Hygiene (LMPH)";2003.46;178677;50560.2;"SARS";NA;NA;NA
2025-03-24;"Arlon";"Sciensano Foodborne Pathogens";372.25;19440;24872.48;"SARS";NA;NA;NA
2025-03-24;"Basse Wavre (Dyle)";"Sciensano Foodborne Pathogens";921.54;78290;14527.82;"SARS";NA;NA;NA
2025-03-24;"Brugge";"Sciensano Foodborne Pathogens";2138.67;180586;68242.2;"SARS";NA;NA;NA
2025-03-24;"Brussels-North";"Sciensano Foodborne Pathogens";12106.04;1080145;157375.7;"SARS";65.98;1774776206972.21;0.000419251510874932
2025-03-24;"Brussels-South";"Sciensano Foodborne Pathogens";2405;249307;136740.24;"SARS";44.03;1019390390161.53;0.000321997387162696
2025-03-24;"Dendermonde";"University of Antwerpen Laboratory for Microbiology, Parasitology and Hygiene (LMPH)";765.5;69500;25912.8;"SARS";NA;NA;NA
2025-03-24;"Deurne";"University of Antwerpen Laboratory for Microbiology, Parasitology and Hygiene (LMPH)";2005.33;215592;81660.15;"SARS";20.06;447811641990.426;0.00024565225510852
2025-03-24;"Genk";"University of Antwerpen Laboratory for Microbiology, Parasitology and Hygiene (LMPH)";1616.83;68582;40276.22;"SARS";NA;NA;NA
2025-03-24;"Gent";"Sciensano Foodborne Pathogens";1977.63;220130;54162.11;"SARS";11.02;237606678962.431;0.00020346326980245
2025-03-24;"Grimbergen";"Sciensano Foodborne Pathogens";931.25;107643;35067.12;"SARS";13.03;270542905716.117;0.000371573143160887
2025-03-24;"Harelbeke";"Sciensano Foodborne Pathogens";1279.21;107894;30274.61;"SARS";NA;NA;NA
2025-03-24;"Hasselt";"University of Antwerpen Laboratory for Microbiology, Parasitology and Hygiene (LMPH)";1178.21;69586;22864.5;"SARS";NA;NA;NA
2025-03-24;"Leuven";"Sciensano Foodborne Pathogens";1198.29;120939;23342.17;"SARS";NA;NA;NA
2025-03-24;"Liedekerke";"Sciensano Foodborne Pathogens";1268.04;101075;34248.4;"SARS";NA;NA;NA
2025-03-24;"Liège Oupeye";"Sciensano Foodborne Pathogens";3330;253780;39579.54;"SARS";14.62;460410749468.043;0.000369382766954846
2025-03-24;"Liège Sclessin";"Sciensano Foodborne Pathogens";1550.83;142240;31979.22;"SARS";12.1;316620523059.618;0.000378370704476219
2025-03-24;"Marche-en-Famenne";"Sciensano Foodborne Pathogens";225.08;8633;33100.7;"SARS";25.345;1585910603498.2;0.000765693776868767
2025-03-24;"Marchienne-au-Pont";"Sciensano Foodborne Pathogens";900;52017;16910.19;"SARS";NA;NA;NA
2025-03-24;"Mechelen-Noord";"University of Antwerpen Laboratory for Microbiology, Parasitology and Hygiene (LMPH)";885.5;98143;35857.8;"SARS";NA;NA;NA
2025-03-24;"Montignies-sur-Sambre";"Sciensano Foodborne Pathogens";1431;123576;30377.26;"SARS";NA;NA;NA
2025-03-24;"Mornimont";"Sciensano Foodborne Pathogens";440;34139;26431.86;"SARS";NA;NA;NA
2025-03-24;"Namur-Brumagne";"Sciensano Foodborne Pathogens";674.63;82175;41803.94;"SARS";26.99;531789873805.902;0.00064563292359524
2025-03-24;"Oostende";"Sciensano Foodborne Pathogens";1489.5;135491;47997.88;"SARS";NA;NA;NA
2025-03-24;"Roselies";"Sciensano Foodborne Pathogens";1557;96890;13472.59;"SARS";NA;NA;NA
2025-03-24;"Tessenderlo";"University of Antwerpen Laboratory for Microbiology, Parasitology and Hygiene (LMPH)";493.5;45125;66405.6;"SARS";NA;NA;NA
2025-03-24;"Vallée du Hain (l'Orchis)";"Sciensano Foodborne Pathogens";492;57826;27153.09;"SARS";NA;NA;NA
2025-03-24;"Wasmuel";"Sciensano Foodborne Pathogens";1698.2;157343;35347.11;"SARS";NA;NA;NA
2025-03-31;"Aalst";"Sciensano Foodborne Pathogens";941.25;98357;39393.83;"SARS";16.82;386310887888;0.000426970416433233
2025-03-31;"Antwerpen-Noord";"University of Antwerpen Laboratory for Microbiology, Parasitology and Hygiene (LMPH)";798.67;73974;40705.2;"SARS";8.715;225822339200.26;0.000214100409775655
2025-03-31;"Antwerpen-Zuid";"University of Antwerpen Laboratory for Microbiology, Parasitology and Hygiene (LMPH)";1913.83;178677;50392.8;"SARS";10.53;270691313151.665;0.000208958422631805
2025-03-31;"Arlon";"Sciensano Foodborne Pathogens";374.29;19440;27931.5;"SARS";NA;NA;NA
2025-03-31;"Basse Wavre (Dyle)";"Sciensano Foodborne Pathogens";732.83;78290;58161.5;"SARS";29.365;659687406820.795;0.000504887253595592
2025-03-31;"Brugge";"Sciensano Foodborne Pathogens";2075;180586;27676.74;"SARS";NA;NA;NA
2025-03-31;"Brussels-North";"Sciensano Foodborne Pathogens";11733.33;1080145;119934.54;"SARS";55.49;1446655732406.3;0.000462669052634879
2025-03-31;"Brussels-South";"Sciensano Foodborne Pathogens";2315;249307;107195.09;"SARS";34.065;759164965283.767;0.000317785077656075
2025-03-31;"Dendermonde";"University of Antwerpen Laboratory for Microbiology, Parasitology and Hygiene (LMPH)";856.13;69500;23292.9;"SARS";NA;NA;NA
2025-03-31;"Deurne";"University of Antwerpen Laboratory for Microbiology, Parasitology and Hygiene (LMPH)";1981.08;215592;41989.32;"SARS";8.12;179075694088.834;0.000193382507742445
2025-03-31;"Genk";"University of Antwerpen Laboratory for Microbiology, Parasitology and Hygiene (LMPH)";1437.67;68582;27700.2;"SARS";NA;NA;NA
2025-03-31;"Gent";"Sciensano Foodborne Pathogens";1910.08;220130;55224.99;"SARS";9.69;201793578703.493;0.000175464042637219
2025-03-31;"Grimbergen";"Sciensano Foodborne Pathogens";903.71;107643;67895.88;"SARS";20.955;422223305927.928;0.000308634338342768
2025-03-31;"Harelbeke";"Sciensano Foodborne Pathogens";1204.38;107894;76136.02;"SARS";16.075;430653978905.222;0.00021113528130312
2025-03-31;"Hasselt";"University of Antwerpen Laboratory for Microbiology, Parasitology and Hygiene (LMPH)";1132.25;69586;48080.25;"SARS";27.615;1078392219699.36;0.000574352254823966
2025-03-31;"Leuven";"Sciensano Foodborne Pathogens";1257.38;120939;51931.15;"SARS";12.065;301050077146.33;0.000232326840441623
2025-03-31;"Liedekerke";"Sciensano Foodborne Pathogens";1226.21;101075;53043.9;"SARS";15.25;444019648775.662;0.000287497714157519
2025-03-31;"Liège Oupeye";"Sciensano Foodborne Pathogens";3136.25;253780;26109.46;"SARS";NA;NA;NA
2025-03-31;"Liège Sclessin";"Sciensano Foodborne Pathogens";1526.67;142240;49848.5;"SARS";10.08;259654110236.22;0.000202212704494619
2025-03-31;"Marche-en-Famenne";"Sciensano Foodborne Pathogens";194.5;8633;58490.25;"SARS";NA;NA;NA
2025-03-31;"Marchienne-au-Pont";"Sciensano Foodborne Pathogens";900;52017;33788.46;"SARS";12.07;501205375165.811;0.000357222554682871
2025-03-31;"Mechelen-Noord";"University of Antwerpen Laboratory for Microbiology, Parasitology and Hygiene (LMPH)";961.38;98143;76360.93;"SARS";12.755;299866160194.818;0.000167035681728863
2025-03-31;"Montignies-sur-Sambre";"Sciensano Foodborne Pathogens";1653;123576;37341.42;"SARS";10.12;324885608856.089;0.000271012725279328
2025-03-31;"Mornimont";"Sciensano Foodborne Pathogens";395;34139;31481.27;"SARS";NA;NA;NA
2025-03-31;"Namur-Brumagne";"Sciensano Foodborne Pathogens";690.38;82175;56072.02;"SARS";38.705;780417145847.277;0.00069027297393602
2025-03-31;"Oostende";"Sciensano Foodborne Pathogens";1446.67;135491;63667.23;"SARS";14.62;374643016584.127;0.000229631476035631
2025-03-31;"Roselies";"Sciensano Foodborne Pathogens";1635;96890;27224.65;"SARS";NA;NA;NA
2025-03-31;"Tessenderlo";"University of Antwerpen Laboratory for Microbiology, Parasitology and Hygiene (LMPH)";456.58;45125;23409.9;"SARS";NA;NA;NA
2025-03-31;"Vallée du Hain (l'Orchis)";"Sciensano Foodborne Pathogens";488;57826;38170.86;"SARS";14.55;294693736381.558;0.000381180827468912
2025-03-31;"Wasmuel";"Sciensano Foodborne Pathogens";1840.15;157343;38135.4;"SARS";NA;NA;NA
2025-04-07;"Aalst";"Sciensano Foodborne Pathogens";864.5;98357;89149.84;"SARS";20.865;440138495480.749;0.000234044166540288
2025-04-07;"Antwerpen-Noord";"University of Antwerpen Laboratory for Microbiology, Parasitology and Hygiene (LMPH)";773.08;73974;40622.4;"SARS";9.39;235516950279.828;0.000231153255346804
2025-04-07;"Antwerpen-Zuid";"University of Antwerpen Laboratory for Microbiology, Parasitology and Hygiene (LMPH)";1820.42;178677;81698.4;"SARS";13.675;334380946624.356;0.000167383938975549
2025-04-07;"Arlon";"Sciensano Foodborne Pathogens";384;19440;25059.22;"SARS";105.04;4979674074074.07;0.00419167077027936
2025-04-07;"Basse Wavre (Dyle)";"Sciensano Foodborne Pathogens";998;78290;29507.18;"SARS";10.27;314199821177.673;0.000348050881175361
2025-04-07;"Brugge";"Sciensano Foodborne Pathogens";2215.96;180586;36369.43;"SARS";NA;NA;NA
2025-04-07;"Brussels-North";"Sciensano Foodborne Pathogens";11416.67;1080145;102912.26;"SARS";50.525;1281666261659.31;0.000490952195588747
2025-04-07;"Brussels-South";"Sciensano Foodborne Pathogens";2288;249307;100269.85;"SARS";41.145;906253831621.254;0.000410342690250359
2025-04-07;"Dendermonde";"University of Antwerpen Laboratory for Microbiology, Parasitology and Hygiene (LMPH)";680.5;69500;61522.13;"SARS";14.8;347789352517.986;0.000240563842636788
2025-04-07;"Deurne";"University of Antwerpen Laboratory for Microbiology, Parasitology and Hygiene (LMPH)";1954.13;215592;50204.7;"SARS";13.26;288453342981.187;0.000264118698050183
2025-04-07;"Genk";"University of Antwerpen Laboratory for Microbiology, Parasitology and Hygiene (LMPH)";1506.42;68582;39948.3;"SARS";NA;NA;NA
2025-04-07;"Gent";"Sciensano Foodborne Pathogens";1733.83;220130;57236.09;"SARS";8.38;158409980284.377;0.000146411119278064
2025-04-07;"Grimbergen";"Sciensano Foodborne Pathogens";786.96;107643;49088.68;"SARS";13.61;238801050137.956;0.000277253330095655
2025-04-07;"Harelbeke";"Sciensano Foodborne Pathogens";1115.71;107894;70598.49;"SARS";15.745;390758054015.979;0.00022302176717944
2025-04-07;"Hasselt";"University of Antwerpen Laboratory for Microbiology, Parasitology and Hygiene (LMPH)";971.83;69586;17087.4;"SARS";NA;NA;NA
2025-04-07;"Leuven";"Sciensano Foodborne Pathogens";1143.29;120939;99770.95;"SARS";17.89;405893048892.417;0.000179310711183967
2025-04-07;"Liedekerke";"Sciensano Foodborne Pathogens";1131.13;101075;41630.82;"SARS";NA;NA;NA
2025-04-07;"Liège Oupeye";"Sciensano Foodborne Pathogens";3106.67;253780;3418.34;"SARS";NA;NA;NA
2025-04-07;"Liège Sclessin";"Sciensano Foodborne Pathogens";1464.17;142240;34697.21;"SARS";13.1;323632626546.682;0.000377551970316922
2025-04-07;"Marche-en-Famenne";"Sciensano Foodborne Pathogens";224.75;8633;20849.56;"SARS";NA;NA;NA
2025-04-07;"Marchienne-au-Pont";"Sciensano Foodborne Pathogens";878;52017;49420.06;"SARS";8.68;351625353249.899;0.000175637180529526
2025-04-07;"Mechelen-Noord";"University of Antwerpen Laboratory for Microbiology, Parasitology and Hygiene (LMPH)";818;98143;36181.8;"SARS";11.13;222638558022.477;0.000307613219906141
2025-04-07;"Montignies-sur-Sambre";"Sciensano Foodborne Pathogens";992;123576;46932.24;"SARS";9.87;190154204699.942;0.000210303194563055
2025-04-07;"Mornimont";"Sciensano Foodborne Pathogens";363.75;34139;16073.69;"SARS";NA;NA;NA
2025-04-07;"Namur-Brumagne";"Sciensano Foodborne Pathogens";796.29;82175;91811.58;"SARS";31.275;727344416184.971;0.00034064330447205
2025-04-07;"Oostende";"Sciensano Foodborne Pathogens";1377.79;135491;36523.03;"SARS";11;268458096847.761;0.000301179830917643
2025-04-07;"Roselies";"Sciensano Foodborne Pathogens";1451;96890;NA;"SARS";NA;NA;NA
2025-04-07;"Tessenderlo";"University of Antwerpen Laboratory for Microbiology, Parasitology and Hygiene (LMPH)";457.29;45125;8169.3;"SARS";NA;NA;NA
2025-04-07;"Vallée du Hain (l'Orchis)";"Sciensano Foodborne Pathogens";489;57826;33020.34;"SARS";10.29;208839345623.076;0.000311626106817798
2025-04-07;"Wasmuel";"Sciensano Foodborne Pathogens";1414.34;157343;33753.75;"SARS";9.585;206780583565.84;0.000283968447950228
2025-04-14;"Aalst";"Sciensano Foodborne Pathogens";880.29;98357;101007.41;"SARS";12.99;279023567615.93;0.000128604426150517
2025-04-14;"Antwerpen-Noord";"University of Antwerpen Laboratory for Microbiology, Parasitology and Hygiene (LMPH)";837.58;73974;38347.2;"SARS";NA;NA;NA
2025-04-14;"Antwerpen-Zuid";"University of Antwerpen Laboratory for Microbiology, Parasitology and Hygiene (LMPH)";1886.29;178677;58685.45;"SARS";10.05;254634423009.117;0.000171251988354865
2025-04-14;"Arlon";"Sciensano Foodborne Pathogens";267.83;19440;15389.56;"SARS";NA;NA;NA
2025-04-14;"Basse Wavre (Dyle)";"Sciensano Foodborne Pathogens";1167.21;78290;12521.96;"SARS";NA;NA;NA
2025-04-14;"Brugge";"Sciensano Foodborne Pathogens";2109.08;180586;27048.84;"SARS";NA;NA;NA
2025-04-14;"Brussels-North";"Sciensano Foodborne Pathogens";11804.17;1080145;113408.57;"SARS";57.325;1503518239310.46;0.000505473263616674
2025-04-14;"Brussels-South";"Sciensano Foodborne Pathogens";2406;249307;112578.92;"SARS";53.6;1241472722386.46;0.000476110447675284
2025-04-14;"Dendermonde";"University of Antwerpen Laboratory for Microbiology, Parasitology and Hygiene (LMPH)";725.08;69500;18007.2;"SARS";NA;NA;NA
2025-04-14;"Deurne";"University of Antwerpen Laboratory for Microbiology, Parasitology and Hygiene (LMPH)";1933.13;215592;61013.16;"SARS";13.79;296759019258.6;0.000226016813421891
2025-04-14;"Genk";"University of Antwerpen Laboratory for Microbiology, Parasitology and Hygiene (LMPH)";1771;68582;19011.6;"SARS";NA;NA;NA
2025-04-14;"Gent";"Sciensano Foodborne Pathogens";2036.42;220130;32061.12;"SARS";NA;NA;NA
2025-04-14;"Grimbergen";"Sciensano Foodborne Pathogens";857.83;107643;38055.11;"SARS";12.03;230087119088.097;0.000316120489469088
2025-04-14;"Harelbeke";"Sciensano Foodborne Pathogens";1282.79;107894;30515.6;"SARS";NA;NA;NA
2025-04-14;"Hasselt";"University of Antwerpen Laboratory for Microbiology, Parasitology and Hygiene (LMPH)";932.38;69586;6593.4;"SARS";NA;NA;NA
2025-04-14;"Liedekerke";"Sciensano Foodborne Pathogens";1178;101075;49825.9;"SARS";11.52;322229473163.492;0.000231205056005009
2025-04-14;"Liège Oupeye";"Sciensano Foodborne Pathogens";3189.58;253780;4753.48;"SARS";NA;NA;NA
2025-04-14;"Liège Sclessin";"Sciensano Foodborne Pathogens";1437.5;142240;47531.6;"SARS";17.93;434888217097.863;0.000377222731824723
2025-04-14;"Marche-en-Famenne";"Sciensano Foodborne Pathogens";167.04;8633;1434.87;"SARS";NA;NA;NA
2025-04-14;"Marchienne-au-Pont";"Sciensano Foodborne Pathogens";844;52017;36271.13;"SARS";18.585;723720629794.106;0.000512390984234569
2025-04-14;"Mechelen-Noord";"University of Antwerpen Laboratory for Microbiology, Parasitology and Hygiene (LMPH)";910.21;98143;29727.9;"SARS";NA;NA;NA
2025-04-14;"Montignies-sur-Sambre";"Sciensano Foodborne Pathogens";1660;123576;38883.94;"SARS";17.28;557094581472.131;0.000444399410142079
2025-04-14;"Mornimont";"Sciensano Foodborne Pathogens";382.5;34139;1472.43;"SARS";NA;NA;NA
2025-04-14;"Namur-Brumagne";"Sciensano Foodborne Pathogens";687.29;82175;76431.08;"SARS";33.17;665820289869.182;0.000433985755532959
2025-04-14;"Oostende";"Sciensano Foodborne Pathogens";1415.04;135491;35698.57;"SARS";8.36;209544269065.842;0.000234183049909282
2025-04-14;"Roselies";"Sciensano Foodborne Pathogens";1426;96890;29243.76;"SARS";9.475;334680978429.146;0.000324000744090363
2025-04-14;"Tessenderlo";"University of Antwerpen Laboratory for Microbiology, Parasitology and Hygiene (LMPH)";508.88;45125;16115.4;"SARS";NA;NA;NA
2025-04-14;"Vallée du Hain (l'Orchis)";"Sciensano Foodborne Pathogens";589;57826;42375.06;"SARS";15.72;384287206446.927;0.000370972926056034
2025-04-14;"Wasmuel";"Sciensano Foodborne Pathogens";1147.55;157343;26859.92;"SARS";NA;NA;NA
2025-04-21;"Aalst";"Sciensano Foodborne Pathogens";1156.21;98357;88961.66;"SARS";59.715;1684713770855.15;0.000671244219138896
2025-04-21;"Antwerpen-Noord";"University of Antwerpen Laboratory for Microbiology, Parasitology and Hygiene (LMPH)";1277.71;73974;11349;"SARS";NA;NA;NA
2025-04-21;"Antwerpen-Zuid";"University of Antwerpen Laboratory for Microbiology, Parasitology and Hygiene (LMPH)";2186.67;178677;58512.6;"SARS";NA;NA;NA
2025-04-21;"Arlon";"Sciensano Foodborne Pathogens";959.17;19440;9157.51;"SARS";59.175;7007269722222.22;0.00646190940550433
2025-04-21;"Basse Wavre (Dyle)";"Sciensano Foodborne Pathogens";938.25;78290;36228.19;"SARS";22.1;635646698173.458;0.000610022195422957
2025-04-21;"Brugge";"Sciensano Foodborne Pathogens";2146.38;180586;53714.98;"SARS";NA;NA;NA
2025-04-21;"Brussels-North";"Sciensano Foodborne Pathogens";11350;1080145;83641.74;"SARS";43.285;1091597331839.71;0.000517504776921188
2025-04-21;"Brussels-South";"Sciensano Foodborne Pathogens";2238;249307;NA;"SARS";NA;NA;NA
2025-04-21;"Dendermonde";"University of Antwerpen Laboratory for Microbiology, Parasitology and Hygiene (LMPH)";737.21;69500;5067.77;"SARS";NA;NA;NA
2025-04-21;"Deurne";"University of Antwerpen Laboratory for Microbiology, Parasitology and Hygiene (LMPH)";2244.71;215592;31266.16;"SARS";NA;NA;NA
2025-04-21;"Genk";"University of Antwerpen Laboratory for Microbiology, Parasitology and Hygiene (LMPH)";1556.29;68582;21751.2;"SARS";9.14;497780429850.398;0.000420206701239472
2025-04-21;"Gent";"Sciensano Foodborne Pathogens";1741.25;220130;52568.61;"SARS";NA;NA;NA
2025-04-21;"Grimbergen";"Sciensano Foodborne Pathogens";845.13;107643;43766.27;"SARS";13.61;256452591622.307;0.000310970068959498
2025-04-21;"Harelbeke";"Sciensano Foodborne Pathogens";2023.54;107894;79424.6;"SARS";NA;NA;NA
2025-04-21;"Hasselt";"University of Antwerpen Laboratory for Microbiology, Parasitology and Hygiene (LMPH)";1004.71;69586;4617.9;"SARS";NA;NA;NA
2025-04-21;"Leuven";"Sciensano Foodborne Pathogens";1093.67;120939;78184.36;"SARS";16.31;353985219656.19;0.000208609496835428
2025-04-21;"Liedekerke";"Sciensano Foodborne Pathogens";1166.67;101075;51353.95;"SARS";15.065;417334855503.339;0.000293356207263511
2025-04-21;"Liège Oupeye";"Sciensano Foodborne Pathogens";2933.33;253780;26340.92;"SARS";NA;NA;NA
2025-04-21;"Liège Sclessin";"Sciensano Foodborne Pathogens";1454.58;142240;139614.64;"SARS";23.3;571851192350.956;0.000166887942410624
2025-04-21;"Marche-en-Famenne";"Sciensano Foodborne Pathogens";591.71;8633;7790.98;"SARS";NA;NA;NA
2025-04-21;"Marchienne-au-Pont";"Sciensano Foodborne Pathogens";824;52017;41369.5;"SARS";15.165;576548128496.453;0.000366574408682725
2025-04-21;"Mechelen-Noord";"University of Antwerpen Laboratory for Microbiology, Parasitology and Hygiene (LMPH)";893.29;98143;19499.96;"SARS";NA;NA;NA
2025-04-21;"Montignies-sur-Sambre";"Sciensano Foodborne Pathogens";1532;123576;25623.78;"SARS";NA;NA;NA
2025-04-21;"Mornimont";"Sciensano Foodborne Pathogens";352.5;34139;23184.25;"SARS";14.15;350651747268.52;0.000610328132244951
2025-04-21;"Namur-Brumagne";"Sciensano Foodborne Pathogens";659.75;82175;45870.55;"SARS";41.37;797143389108.61;0.00090188585050757
2025-04-21;"Oostende";"Sciensano Foodborne Pathogens";1493.5;135491;19732.44;"SARS";8.9;235448553778.48;0.000451033931941514
2025-04-21;"Roselies";"Sciensano Foodborne Pathogens";1095;96890;5642.36;"SARS";NA;NA;NA
2025-04-21;"Tessenderlo";"University of Antwerpen Laboratory for Microbiology, Parasitology and Hygiene (LMPH)";601.25;45125;4875.3;"SARS";NA;NA;NA
2025-04-21;"Vallée du Hain (l'Orchis)";"Sciensano Foodborne Pathogens";474;57826;34538.87;"SARS";12.045;236959014975.962;0.000348737523839083
2025-04-21;"Wasmuel";"Sciensano Foodborne Pathogens";975.29;157343;36261.81;"SARS";14.72;218980476538.518;0.00040593671413534
2025-04-28;"Aalst";"Sciensano Foodborne Pathogens";817.38;98357;51272.68;"SARS";19.11;381145381823.358;0.000372713109593647
2025-04-28;"Arlon";"Sciensano Foodborne Pathogens";404.54;19440;40096.24;"SARS";20.05;1001361358024.69;0.000500046887189422
2025-04-28;"Basse Wavre (Dyle)";"Sciensano Foodborne Pathogens";480.67;78290;23762.96;"SARS";NA;NA;NA
2025-04-28;"Brugge";"Sciensano Foodborne Pathogens";1896.42;180586;40519.7;"SARS";NA;NA;NA
2025-04-28;"Brussels-North";"Sciensano Foodborne Pathogens";11116.67;1080145;84874.95;"SARS";44.875;1108430219090.96;0.000528719015445664
2025-04-28;"Brussels-South";"Sciensano Foodborne Pathogens";2225;249307;90979.07;"SARS";62.945;1348242528288.42;0.000691862425061061
2025-04-28;"Dendermonde";"University of Antwerpen Laboratory for Microbiology, Parasitology and Hygiene (LMPH)";633.04;69500;18679.41;"SARS";NA;NA;NA
2025-04-28;"Deurne";"University of Antwerpen Laboratory for Microbiology, Parasitology and Hygiene (LMPH)";1781.46;215592;22576.5;"SARS";NA;NA;NA
2025-04-28;"Genk";"University of Antwerpen Laboratory for Microbiology, Parasitology and Hygiene (LMPH)";1520.29;68582;5132.7;"SARS";NA;NA;NA
2025-04-28;"Gent";"Sciensano Foodborne Pathogens";1696.13;220130;79440.46;"SARS";10.32;190840629809.658;0.000129908613318704
2025-04-28;"Grimbergen";"Sciensano Foodborne Pathogens";835.33;107643;52649.95;"SARS";18.22;339337534628.355;0.000346059208033436
2025-04-28;"Harelbeke";"Sciensano Foodborne Pathogens";1038.46;107894;32195.44;"SARS";NA;NA;NA
2025-04-28;"Hasselt";"University of Antwerpen Laboratory for Microbiology, Parasitology and Hygiene (LMPH)";936.92;69586;2168.1;"SARS";NA;NA;NA
2025-04-28;"Leuven";"Sciensano Foodborne Pathogens";1250.75;120939;48310.08;"SARS";17.805;441933941904.596;0.000368556624207619
2025-04-28;"Liedekerke";"Sciensano Foodborne Pathogens";1032.46;101075;69588.46;"SARS";24.065;589965468810.29;0.000345818832605291
2025-04-28;"Liège Sclessin";"Sciensano Foodborne Pathogens";1428.33;142240;17437.03;"SARS";8.37;201717470753.656;0.000480012937983131
2025-04-28;"Marche-en-Famenne";"Sciensano Foodborne Pathogens";197.46;8633;2564.02;"SARS";NA;NA;NA
2025-04-28;"Marchienne-au-Pont";"Sciensano Foodborne Pathogens";784;52017;35649.43;"SARS";18.35;663770690351.231;0.000514734737694263
2025-04-28;"Mechelen-Noord";"University of Antwerpen Laboratory for Microbiology, Parasitology and Hygiene (LMPH)";889.17;98143;19990.8;"SARS";NA;NA;NA
2025-04-28;"Montignies-sur-Sambre";"Sciensano Foodborne Pathogens";1557;123576;23173.33;"SARS";9.185;277744125072.83;0.000396360816507597
2025-04-28;"Mornimont";"Sciensano Foodborne Pathogens";355.83;34139;34242.83;"SARS";14.365;359342543132.488;0.000419503878622182
2025-04-28;"Namur-Brumagne";"Sciensano Foodborne Pathogens";747.13;82175;65480.01;"SARS";24.335;531005543291.755;0.000371640138723253
2025-04-28;"Oostende";"Sciensano Foodborne Pathogens";1424.38;135491;61188.87;"SARS";11.19;282329817331.04;0.00018287639565823
2025-04-28;"Roselies";"Sciensano Foodborne Pathogens";1349;96890;NA;"SARS";NA;NA;NA
2025-04-28;"Tessenderlo";"University of Antwerpen Laboratory for Microbiology, Parasitology and Hygiene (LMPH)";454.25;45125;31350.6;"SARS";NA;NA;NA
2025-04-28;"Vallée du Hain (l'Orchis)";"Sciensano Foodborne Pathogens";520;57826;37767.91;"SARS";13.455;290385639677.654;0.000356254820560629
2025-04-28;"Wasmuel";"Sciensano Foodborne Pathogens";1369.07;157343;31872.2;"SARS";NA;NA;NA
2025-05-05;"Aalst";"Sciensano Foodborne Pathogens";724.33;98357;89214.22;"SARS";46.825;827599514015.271;0.000524860274516775
2025-05-05;"Antwerpen-Noord";"University of Antwerpen Laboratory for Microbiology, Parasitology and Hygiene (LMPH)";755.92;73974;38921.4;"SARS";NA;NA;NA
2025-05-05;"Antwerpen-Zuid";"University of Antwerpen Laboratory for Microbiology, Parasitology and Hygiene (LMPH)";1766.79;178677;67626.9;"SARS";NA;NA;NA
2025-05-05;"Arlon";"Sciensano Foodborne Pathogens";369.83;19440;29017.72;"SARS";NA;NA;NA
2025-05-05;"Basse Wavre (Dyle)";"Sciensano Foodborne Pathogens";938.25;78290;26317.07;"SARS";8.93;256847285732.533;0.000339323488519049
2025-05-05;"Brugge";"Sciensano Foodborne Pathogens";1937.42;180586;52973.66;"SARS";12.4;319280670705.37;0.000234078596796974
2025-05-05;"Brussels-North";"Sciensano Foodborne Pathogens";12054.17;1080145;208277.33;"SARS";71.26;1908588541427.31;0.000342139972698901
2025-05-05;"Brussels-South";"Sciensano Foodborne Pathogens";2164;249307;NA;"SARS";NA;NA;NA
2025-05-05;"Dendermonde";"University of Antwerpen Laboratory for Microbiology, Parasitology and Hygiene (LMPH)";646.46;69500;5904.9;"SARS";NA;NA;NA
2025-05-05;"Deurne";"University of Antwerpen Laboratory for Microbiology, Parasitology and Hygiene (LMPH)";1782.63;215592;48610.85;"SARS";9.425;187034261939.219;0.000193886755734574
2025-05-05;"Genk";"University of Antwerpen Laboratory for Microbiology, Parasitology and Hygiene (LMPH)";1447.83;68582;40422.6;"SARS";NA;NA;NA
2025-05-05;"Gent";"Sciensano Foodborne Pathogens";1572;220130;75638.47;"SARS";10.99;188357207104.893;0.000145296434473093
2025-05-05;"Grimbergen";"Sciensano Foodborne Pathogens";796;107643;113270.7;"SARS";38.74;687540258075.305;0.000342012541636981
2025-05-05;"Harelbeke";"Sciensano Foodborne Pathogens";972.21;107894;86653.97;"SARS";13.61;294328391198.769;0.000157061471043969
2025-05-05;"Hasselt";"University of Antwerpen Laboratory for Microbiology, Parasitology and Hygiene (LMPH)";884.25;69586;22659.3;"SARS";NA;NA;NA
2025-05-05;"Leuven";"Sciensano Foodborne Pathogens";1181.17;120939;75930.51;"SARS";20.585;482512032346.886;0.000271103144177485
2025-05-05;"Liedekerke";"Sciensano Foodborne Pathogens";959.33;101075;68874.62;"SARS";14.645;333599117882.76;0.000212632752093587
2025-05-05;"Liège Oupeye";"Sciensano Foodborne Pathogens";2969.17;253780;7305.48;"SARS";NA;NA;NA
2025-05-05;"Liège Sclessin";"Sciensano Foodborne Pathogens";1369.17;142240;35677.82;"SARS";10.99;253889397637.795;0.000308034515561769
2025-05-05;"Marche-en-Famenne";"Sciensano Foodborne Pathogens";187.58;8633;4939.48;"SARS";NA;NA;NA
2025-05-05;"Marchienne-au-Pont";"Sciensano Foodborne Pathogens";761;52017;23960.66;"SARS";NA;NA;NA
2025-05-05;"Mechelen-Noord";"University of Antwerpen Laboratory for Microbiology, Parasitology and Hygiene (LMPH)";842.67;98143;46919.7;"SARS";NA;NA;NA
2025-05-05;"Montignies-sur-Sambre";"Sciensano Foodborne Pathogens";1539;123576;53628.12;"SARS";11.8;352693726937.269;0.000220033818079023
2025-05-05;"Mornimont";"Sciensano Foodborne Pathogens";334.17;34139;16733.81;"SARS";NA;NA;NA
2025-05-05;"Namur-Brumagne";"Sciensano Foodborne Pathogens";704.79;82175;66741.95;"SARS";17.25;355075217523.578;0.000258458136149753
2025-05-05;"Oostende";"Sciensano Foodborne Pathogens";1341.5;135491;59623.2;"SARS";10;237624639274.933;0.000167719947939728
2025-05-05;"Roselies";"Sciensano Foodborne Pathogens";1286;96890;29806.73;"SARS";8.15;259615646609.557;0.000273428182158861
2025-05-05;"Tessenderlo";"University of Antwerpen Laboratory for Microbiology, Parasitology and Hygiene (LMPH)";446.75;45125;37078.2;"SARS";NA;NA;NA
2025-05-05;"Vallée du Hain (l'Orchis)";"Sciensano Foodborne Pathogens";474;57826;64526.28;"SARS";15.98;314371528378.238;0.000247651034586218
2025-05-05;"Wasmuel";"Sciensano Foodborne Pathogens";1149.17;157343;36679.97;"SARS";9.98;174935776234.087;0.000272083101485634
2025-05-12;"Aalst";"Sciensano Foodborne Pathogens";745.88;98357;69043.67;"SARS";21.065;383386126864.382;0.000305096759775371
2025-05-12;"Antwerpen-Noord";"University of Antwerpen Laboratory for Microbiology, Parasitology and Hygiene (LMPH)";706.96;73974;34004.7;"SARS";11.79;270421231243.41;0.000346716777386655
2025-05-12;"Antwerpen-Zuid";"University of Antwerpen Laboratory for Microbiology, Parasitology and Hygiene (LMPH)";1778.75;178677;107580.04;"SARS";20.44;488358098692.053;0.000189998070274003
2025-05-12;"Arlon";"Sciensano Foodborne Pathogens";412.5;19440;33448.71;"SARS";10.3;524537037037.037;0.000307934147535137
2025-05-12;"Basse Wavre (Dyle)";"Sciensano Foodborne Pathogens";702.25;78290;3329.55;"SARS";NA;NA;NA
2025-05-12;"Brugge";"Sciensano Foodborne Pathogens";1762.92;180586;62413.62;"SARS";10.485;245656467721.75;0.000167992178630241
2025-05-12;"Brussels-North";"Sciensano Foodborne Pathogens";15053.13;1080145;82061.62;"SARS";39.035;1305600110096.33;0.000475679129902627
2025-05-12;"Brussels-South";"Sciensano Foodborne Pathogens";2214;249307;216902.8;"SARS";116.665;2486537257277.17;0.000537867653160771
2025-05-12;"Dendermonde";"University of Antwerpen Laboratory for Microbiology, Parasitology and Hygiene (LMPH)";876.04;69500;14355.9;"SARS";NA;NA;NA
2025-05-12;"Deurne";"University of Antwerpen Laboratory for Microbiology, Parasitology and Hygiene (LMPH)";1883.17;215592;74588.65;"SARS";13.505;283114893131.471;0.000181059718871437
2025-05-12;"Genk";"University of Antwerpen Laboratory for Microbiology, Parasitology and Hygiene (LMPH)";1361.21;68582;44629.2;"SARS";11.67;555900523169.345;0.000261487994407249
2025-05-12;"Gent";"Sciensano Foodborne Pathogens";1826.21;220130;67412.44;"SARS";8.925;177701440966.701;0.000132393961707958
2025-05-12;"Grimbergen";"Sciensano Foodborne Pathogens";829.5;107643;67348.58;"SARS";28.1;519694545859.926;0.000417232256418769
2025-05-12;"Harelbeke";"Sciensano Foodborne Pathogens";958.96;107894;96338.82;"SARS";23.935;510561275325.783;0.000248446057362961
2025-05-12;"Hasselt";"University of Antwerpen Laboratory for Microbiology, Parasitology and Hygiene (LMPH)";876.58;69586;15028.2;"SARS";NA;NA;NA
2025-05-12;"Leuven";"Sciensano Foodborne Pathogens";1177.25;120939;43768.45;"SARS";15.75;367954505990.623;0.000359848246853613
2025-05-12;"Liedekerke";"Sciensano Foodborne Pathogens";904.38;101075;83931.56;"SARS";35.51;762551383823.893;0.000423082806991792
2025-05-12;"Liège Oupeye";"Sciensano Foodborne Pathogens";3055.42;253780;25551.11;"SARS";NA;NA;NA
2025-05-12;"Liège Sclessin";"Sciensano Foodborne Pathogens";1420.83;142240;45686;"SARS";8.41;201617215410.574;0.000184082651140393
2025-05-12;"Marche-en-Famenne";"Sciensano Foodborne Pathogens";182.04;8633;11959.45;"SARS";NA;NA;NA
2025-05-12;"Marchienne-au-Pont";"Sciensano Foodborne Pathogens";794;52017;28337.43;"SARS";NA;NA;NA
2025-05-12;"Mechelen-Noord";"University of Antwerpen Laboratory for Microbiology, Parasitology and Hygiene (LMPH)";861.13;98143;75939.26;"SARS";13.065;275124993937.418;0.000172045395227712
2025-05-12;"Montignies-sur-Sambre";"Sciensano Foodborne Pathogens";1548;123576;53776.93;"SARS";20.79;625032433482.229;0.000386597003584995
2025-05-12;"Mornimont";"Sciensano Foodborne Pathogens";313.75;34139;49256.49;"SARS";NA;NA;NA
2025-05-12;"Namur-Brumagne";"Sciensano Foodborne Pathogens";661.04;82175;63005.12;"SARS";14.675;283320094919.379;0.000232917578761853
2025-05-12;"Oostende";"Sciensano Foodborne Pathogens";1390.17;135491;63933.37;"SARS";17.365;427605707537.77;0.000271610897407723
2025-05-12;"Roselies";"Sciensano Foodborne Pathogens";1367;96890;22170.88;"SARS";NA;NA;NA
2025-05-12;"Tessenderlo";"University of Antwerpen Laboratory for Microbiology, Parasitology and Hygiene (LMPH)";411.71;45125;41045.4;"SARS";NA;NA;NA
2025-05-12;"Vallée du Hain (l'Orchis)";"Sciensano Foodborne Pathogens";500.79;57826;47598.62;"SARS";12.715;264277446823.228;0.000267129593252914
2025-05-12;"Wasmuel";"Sciensano Foodborne Pathogens";1196.31;157343;36387.51;"SARS";NA;NA;NA
2025-05-19;"Aalst";"Sciensano Foodborne Pathogens";676.29;98357;76113.49;"SARS";25.895;427321603139.583;0.000340215643770901
2025-05-19;"Antwerpen-Noord";"University of Antwerpen Laboratory for Microbiology, Parasitology and Hygiene (LMPH)";791.04;73974;35186.4;"SARS";10.38;266396145672.804;0.000295000341040857
2025-05-19;"Antwerpen-Zuid";"University of Antwerpen Laboratory for Microbiology, Parasitology and Hygiene (LMPH)";1704.79;178677;63264.6;"SARS";15.97;365694471700.331;0.000252431849723226
2025-05-19;"Arlon";"Sciensano Foodborne Pathogens";362.75;19440;40652.08;"SARS";15.565;697062191358.025;0.00038288323746288
2025-05-19;"Basse Wavre (Dyle)";"Sciensano Foodborne Pathogens";708.79;78290;30858.4;"SARS";NA;NA;NA
2025-05-19;"Brugge";"Sciensano Foodborne Pathogens";1956.63;180586;30250.58;"SARS";13.61;353910947249.51;0.000449908729022716
2025-05-19;"Brussels-North";"Sciensano Foodborne Pathogens";11279.17;1080145;105625.88;"SARS";51.41;1288409529535.39;0.000486717838469133
2025-05-19;"Brussels-South";"Sciensano Foodborne Pathogens";2202;249307;74891.54;"SARS";40.555;859683298102.34;0.000541516438305315
2025-05-19;"Dendermonde";"University of Antwerpen Laboratory for Microbiology, Parasitology and Hygiene (LMPH)";641.25;69500;24703.2;"SARS";NA;NA;NA
2025-05-19;"Deurne";"University of Antwerpen Laboratory for Microbiology, Parasitology and Hygiene (LMPH)";1747.21;215592;82892.7;"SARS";20.16;392115702994.545;0.000243205975918265
2025-05-19;"Genk";"University of Antwerpen Laboratory for Microbiology, Parasitology and Hygiene (LMPH)";1336.38;68582;20835.9;"SARS";12.07;564466709049.022;0.000579288631640582
2025-05-19;"Gent";"Sciensano Foodborne Pathogens";1504.33;220130;83686.82;"SARS";15.72;257826567210.285;0.000187843199203889
2025-05-19;"Grimbergen";"Sciensano Foodborne Pathogens";764.54;107643;72610.36;"SARS";28.54;486496398651.097;0.000393056858552967
2025-05-19;"Harelbeke";"Sciensano Foodborne Pathogens";927.42;107894;43489.99;"SARS";14.125;291392829999.815;0.000324787382107929
2025-05-19;"Hasselt";"University of Antwerpen Laboratory for Microbiology, Parasitology and Hygiene (LMPH)";826.13;69586;20516.4;"SARS";11.885;338638980829.477;0.000579292663430231
2025-05-19;"Leuven";"Sciensano Foodborne Pathogens";1106.21;120939;88039.75;"SARS";33.055;725637318978.989;0.000375455405086907
2025-05-19;"Liedekerke";"Sciensano Foodborne Pathogens";781.33;101075;76476.58;"SARS";14.175;262981415780.361;0.000185350861662485
2025-05-19;"Liège Oupeye";"Sciensano Foodborne Pathogens";2929.58;253780;53050.23;"SARS";NA;NA;NA
2025-05-19;"Liège Sclessin";"Sciensano Foodborne Pathogens";1443.33;142240;60540.97;"SARS";13.89;338265248031.496;0.000229431408185234
2025-05-19;"Marche-en-Famenne";"Sciensano Foodborne Pathogens";163.08;8633;13630.37;"SARS";NA;NA;NA
2025-05-19;"Marchienne-au-Pont";"Sciensano Foodborne Pathogens";741;52017;29806.14;"SARS";NA;NA;NA
2025-05-19;"Mechelen-Noord";"University of Antwerpen Laboratory for Microbiology, Parasitology and Hygiene (LMPH)";816.04;98143;46878.3;"SARS";8.74;174411369532.213;0.000186440207942694
2025-05-19;"Montignies-sur-Sambre";"Sciensano Foodborne Pathogens";1590;123576;72426.08;"SARS";30.815;951560497183.919;0.000425468284352819
2025-05-19;"Mornimont";"Sciensano Foodborne Pathogens";277.92;34139;49596.46;"SARS";11.78;230157715223.059;0.000237516951814706
2025-05-19;"Namur-Brumagne";"Sciensano Foodborne Pathogens";645.5;82175;102965.77;"SARS";21.73;409663717675.692;0.00021104100906544
2025-05-19;"Oostende";"Sciensano Foodborne Pathogens";1355.88;135491;51487.8;"SARS";10.97;263468486024.902;0.00021306018124682
2025-05-19;"Roselies";"Sciensano Foodborne Pathogens";1221;96890;29996.15;"SARS";8.36;252844916916.09;0.000278702433478963
2025-05-19;"Tessenderlo";"University of Antwerpen Laboratory for Microbiology, Parasitology and Hygiene (LMPH)";414.75;45125;19026.95;"SARS";NA;NA;NA
2025-05-19;"Vallée du Hain (l'Orchis)";"Sciensano Foodborne Pathogens";449;57826;74849.99;"SARS";16.2;301890499083.457;0.000216432894647013
2025-05-19;"Wasmuel";"Sciensano Foodborne Pathogens";1239.52;157343;40263.13;"SARS";10.99;207785408438.888;0.000272954437471702
2025-05-26;"Aalst";"Sciensano Foodborne Pathogens";714.67;98357;67979.14;"SARS";41.065;716115950262.818;0.000604082369974083
2025-05-26;"Antwerpen-Noord";"University of Antwerpen Laboratory for Microbiology, Parasitology and Hygiene (LMPH)";686.75;73974;15945.3;"SARS";NA;NA;NA
2025-05-26;"Antwerpen-Zuid";"University of Antwerpen Laboratory for Microbiology, Parasitology and Hygiene (LMPH)";1724.13;178677;14875.2;"SARS";NA;NA;NA
2025-05-26;"Arlon";"Sciensano Foodborne Pathogens";431.54;19440;18957.12;"SARS";NA;NA;NA
2025-05-26;"Basse Wavre (Dyle)";"Sciensano Foodborne Pathogens";950.63;78290;825.6;"SARS";NA;NA;NA
2025-05-26;"Brugge";"Sciensano Foodborne Pathogens";1609.33;180586;62637.12;"SARS";9.965;213132448141.052;0.00015909096714536
2025-05-26;"Brussels-North";"Sciensano Foodborne Pathogens";11658.33;1080145;75763.4;"SARS";55.995;1450490121270.76;0.000739077179746421
2025-05-26;"Brussels-South";"Sciensano Foodborne Pathogens";2270;249307;108971.77;"SARS";67.695;1479310087562.72;0.000621215935099522
2025-05-26;"Dendermonde";"University of Antwerpen Laboratory for Microbiology, Parasitology and Hygiene (LMPH)";594.04;69500;995.45;"SARS";NA;NA;NA
2025-05-26;"Deurne";"University of Antwerpen Laboratory for Microbiology, Parasitology and Hygiene (LMPH)";1738.46;215592;44437.68;"SARS";10.41;201462413447.623;0.000234260654471611
2025-05-26;"Gent";"Sciensano Foodborne Pathogens";1520.71;220130;86342.25;"SARS";15.64;259307548085.222;0.000181139592725462
2025-05-26;"Grimbergen";"Sciensano Foodborne Pathogens";778.75;107643;128062.12;"SARS";53.22;924056185725.035;0.000415579564042825
2025-05-26;"Harelbeke";"Sciensano Foodborne Pathogens";944.21;107894;42878.98;"SARS";20.81;437073648581.015;0.000485319380265109
2025-05-26;"Hasselt";"University of Antwerpen Laboratory for Microbiology, Parasitology and Hygiene (LMPH)";802.46;69586;2814.3;"SARS";NA;NA;NA
2025-05-26;"Leuven";"Sciensano Foodborne Pathogens";1138;120939;116421.4;"SARS";39.535;892830203656.389;0.00033958533396781
2025-05-26;"Liedekerke";"Sciensano Foodborne Pathogens";748.42;101075;59313.07;"SARS";14.455;256880402077.665;0.000243706825493943
2025-05-26;"Liège Oupeye";"Sciensano Foodborne Pathogens";2958.75;253780;36243.48;"SARS";NA;NA;NA
2025-05-26;"Liège Sclessin";"Sciensano Foodborne Pathogens";1327.08;142240;38919.97;"SARS";13.22;296017957255.343;0.000339671382069411
2025-05-26;"Marche-en-Famenne";"Sciensano Foodborne Pathogens";180.33;8633;27472.89;"SARS";10.66;534410137843.16;0.000388018879702863
2025-05-26;"Marchienne-au-Pont";"Sciensano Foodborne Pathogens";740;52017;50132.63;"SARS";21.285;726727031547.379;0.000424573775602836
2025-05-26;"Mechelen-Noord";"University of Antwerpen Laboratory for Microbiology, Parasitology and Hygiene (LMPH)";864.13;98143;12685.68;"SARS";NA;NA;NA
2025-05-26;"Montignies-sur-Sambre";"Sciensano Foodborne Pathogens";1528;123576;40250.03;"SARS";22.49;667405709846.572;0.000558757347510052
2025-05-26;"Mornimont";"Sciensano Foodborne Pathogens";276.67;34139;41643.2;"SARS";10.07;195862812618.999;0.000241816190878703
2025-05-26;"Namur-Brumagne";"Sciensano Foodborne Pathogens";642.25;82175;111519.42;"SARS";35.9;673395314876.787;0.000321917025752107
2025-05-26;"Oostende";"Sciensano Foodborne Pathogens";1343.88;135491;29038.46;"SARS";11.5;273753149655.697;0.000396026511047762
2025-05-26;"Roselies";"Sciensano Foodborne Pathogens";1211;96890;29478.5;"SARS";NA;NA;NA
2025-05-26;"Tessenderlo";"University of Antwerpen Laboratory for Microbiology, Parasitology and Hygiene (LMPH)";437.29;45125;49831.2;"SARS";NA;NA;NA
2025-05-26;"Vallée du Hain (l'Orchis)";"Sciensano Foodborne Pathogens";450;57826;53886.92;"SARS";14.275;266610175353.647;0.000264906585865364
2025-05-26;"Wasmuel";"Sciensano Foodborne Pathogens";1121.42;157343;34237.48;"SARS";12.61;215698536827.186;0.00036830981719449
2025-05-27;"Genk";"University of Antwerpen Laboratory for Microbiology, Parasitology and Hygiene (LMPH)";2790.96;68582;2620.8;"SARS";NA;NA;NA
2025-06-02;"Aalst";"Sciensano Foodborne Pathogens";675.83;98357;63569.9;"SARS";29.815;491675137305.937;0.000469011277349815
2025-06-02;"Antwerpen-Noord";"University of Antwerpen Laboratory for Microbiology, Parasitology and Hygiene (LMPH)";845.21;73974;19291.5;"SARS";NA;NA;NA
2025-06-02;"Antwerpen-Zuid";"University of Antwerpen Laboratory for Microbiology, Parasitology and Hygiene (LMPH)";2182.17;178677;54912.6;"SARS";16.42;481287213015.665;0.000299020625503072
2025-06-02;"Arlon";"Sciensano Foodborne Pathogens";480.04;19440;10609.74;"SARS";NA;NA;NA
2025-06-02;"Basse Wavre (Dyle)";"Sciensano Foodborne Pathogens";976.33;78290;189076.2;"SARS";16.4;490846197470.941;8.67375164087283e-05
2025-06-02;"Brugge";"Sciensano Foodborne Pathogens";1902.83;180586;71619.14;"SARS";NA;NA;NA
2025-06-02;"Brussels-North";"Sciensano Foodborne Pathogens";12008.33;1080145;99528.32;"SARS";56.445;1506042659494.79;0.000567125015272035
2025-06-02;"Brussels-South";"Sciensano Foodborne Pathogens";2234;249307;93024.71;"SARS";80.19;1724567316601.62;0.000862029024331277
2025-06-02;"Dendermonde";"University of Antwerpen Laboratory for Microbiology, Parasitology and Hygiene (LMPH)";676.17;69500;243213.3;"SARS";84.1;1963714428776.98;0.000345787010825477
2025-06-02;"Deurne";"University of Antwerpen Laboratory for Microbiology, Parasitology and Hygiene (LMPH)";2204.38;215592;36954;"SARS";10.31;253001867972.838;0.000278995507928776
2025-06-02;"Genk";"University of Antwerpen Laboratory for Microbiology, Parasitology and Hygiene (LMPH)";1283.5;68582;5010.3;"SARS";NA;NA;NA
2025-06-02;"Gent";"Sciensano Foodborne Pathogens";1541.42;220130;98222.42;"SARS";9.38;157636156089.583;9.54975452651238e-05
2025-06-02;"Grimbergen";"Sciensano Foodborne Pathogens";874.5;107643;169588.97;"SARS";18.05;351935007385.524;0.000106433808755369
2025-06-02;"Harelbeke";"Sciensano Foodborne Pathogens";980.29;107894;55278.62;"SARS";19.05;415397137931.674;0.000344617864917757
2025-06-02;"Hasselt";"University of Antwerpen Laboratory for Microbiology, Parasitology and Hygiene (LMPH)";823.25;69586;6929.1;"SARS";NA;NA;NA
2025-06-02;"Leuven";"Sciensano Foodborne Pathogens";1104.67;120939;57741.44;"SARS";18.475;405006389998.264;0.000319960846144467
2025-06-02;"Liedekerke";"Sciensano Foodborne Pathogens";739.29;101075;63453.74;"SARS";19.35;339674772198.862;0.000304946564221431
2025-06-02;"Liège Oupeye";"Sciensano Foodborne Pathogens";2655.83;253780;13344.13;"SARS";NA;NA;NA
2025-06-02;"Liège Sclessin";"Sciensano Foodborne Pathogens";1291.67;142240;79886.9;"SARS";57.725;1258070597581.55;0.000722584053205219
2025-06-02;"Marche-en-Famenne";"Sciensano Foodborne Pathogens";196.46;8633;25077.93;"SARS";13.485;736503120583.806;0.000537723807347736
2025-06-02;"Marchienne-au-Pont";"Sciensano Foodborne Pathogens";782;52017;45842.53;"SARS";19.775;713492127573.678;0.000431367989506687
2025-06-02;"Mechelen-Noord";"University of Antwerpen Laboratory for Microbiology, Parasitology and Hygiene (LMPH)";832;98143;140692.5;"SARS";23.31;474261108790.235;0.000165680473372781
2025-06-02;"Montignies-sur-Sambre";"Sciensano Foodborne Pathogens";1250;123576;63412.13;"SARS";25.705;624028937657.797;0.000405364084127122
2025-06-02;"Mornimont";"Sciensano Foodborne Pathogens";320;34139;25136.27;"SARS";18.87;424504525615.865;0.000750708040612231
2025-06-02;"Namur-Brumagne";"Sciensano Foodborne Pathogens";646.04;82175;116902.8;"SARS";49.71;937939229205.963;0.00042522505876677
2025-06-02;"Oostende";"Sciensano Foodborne Pathogens";1410.96;135491;39947.54;"SARS";14.135;353273701131.44;0.000353839059927094
2025-06-02;"Roselies";"Sciensano Foodborne Pathogens";1240;96890;19976.07;"SARS";8.12;249407782020.848;0.000406486360930854
2025-06-02;"Tessenderlo";"University of Antwerpen Laboratory for Microbiology, Parasitology and Hygiene (LMPH)";399.25;45125;11232.9;"SARS";NA;NA;NA
2025-06-02;"Vallée du Hain (l'Orchis)";"Sciensano Foodborne Pathogens";436;57826;63424.18;"SARS";17.43;315407463770.622;0.000274816323995044
2025-06-02;"Wasmuel";"Sciensano Foodborne Pathogens";988.68;157343;31363.66;"SARS";8.86;133614406233.515;0.000282492540730259
2025-06-09;"Aalst";"Sciensano Foodborne Pathogens";713.5;98357;62386.13;"SARS";36.075;628067448173.49;0.000578253531674428
2025-06-09;"Arlon";"Sciensano Foodborne Pathogens";541.42;19440;34854.46;"SARS";16.32;1090861037037.04;0.000468232759882093
2025-06-09;"Basse Wavre (Dyle)";"Sciensano Foodborne Pathogens";1030.38;78290;24231.48;"SARS";NA;NA;NA
2025-06-09;"Brugge";"Sciensano Foodborne Pathogens";1654.08;180586;27723.7;"SARS";NA;NA;NA
2025-06-09;"Brussels-North";"Sciensano Foodborne Pathogens";11554.17;1080145;175026.74;"SARS";111.305;2857476117039.84;0.000635931401110482
2025-06-09;"Brussels-South";"Sciensano Foodborne Pathogens";2142;249307;116327.48;"SARS";78.475;1618182722506.79;0.000674604143406184
2025-06-09;"Dendermonde";"University of Antwerpen Laboratory for Microbiology, Parasitology and Hygiene (LMPH)";586.63;69500;3167.61;"SARS";NA;NA;NA
2025-06-09;"Deurne";"University of Antwerpen Laboratory for Microbiology, Parasitology and Hygiene (LMPH)";1723.96;215592;36385.83;"SARS";11.52;221084484025.381;0.000316606766974946
2025-06-09;"Genk";"University of Antwerpen Laboratory for Microbiology, Parasitology and Hygiene (LMPH)";1383.08;68582;14283.24;"SARS";NA;NA;NA
2025-06-09;"Gent";"Sciensano Foodborne Pathogens";1481.38;220130;101063.79;"SARS";25.14;406035268614.001;0.000248753782140963
2025-06-09;"Grimbergen";"Sciensano Foodborne Pathogens";824.33;107643;77226.89;"SARS";21.65;397909634625.568;0.000280342766619244
2025-06-09;"Harelbeke";"Sciensano Foodborne Pathogens";910.08;107894;53488.34;"SARS";29.57;598611205813.113;0.000552830766481069
2025-06-09;"Hasselt";"University of Antwerpen Laboratory for Microbiology, Parasitology and Hygiene (LMPH)";879.21;69586;6810.15;"SARS";13.62;413008600580.577;0.00199995594810687
2025-06-09;"Leuven";"Sciensano Foodborne Pathogens";1044.88;120939;69043.88;"SARS";21.75;450993773720.636;0.000315017058716862
2025-06-09;"Liedekerke";"Sciensano Foodborne Pathogens";772.5;101075;39018.25;"SARS";8.41;154263071976.255;0.000215540163897663
2025-06-09;"Liège Oupeye";"Sciensano Foodborne Pathogens";2896.25;253780;56425.22;"SARS";17.16;470010087477.343;0.000304119328201113
2025-06-09;"Liège Sclessin";"Sciensano Foodborne Pathogens";1485.42;142240;36361.07;"SARS";19.4;486228593925.759;0.000533537654419961
2025-06-09;"Marche-en-Famenne";"Sciensano Foodborne Pathogens";217.17;8633;20810.33;"SARS";12.115;731429968724.661;0.000582162800878218
2025-06-09;"Marchienne-au-Pont";"Sciensano Foodborne Pathogens";921;52017;32928.91;"SARS";10.98;466581925139.858;0.000333445595375006
2025-06-09;"Mechelen-Noord";"University of Antwerpen Laboratory for Microbiology, Parasitology and Hygiene (LMPH)";885.83;98143;28705.95;"SARS";8.34;180662637987.427;0.000290532102229677
2025-06-09;"Montignies-sur-Sambre";"Sciensano Foodborne Pathogens";1164;123576;44159.39;"SARS";13.175;297838415226.258;0.000298351041533862
2025-06-09;"Mornimont";"Sciensano Foodborne Pathogens";343.54;34139;55367.02;"SARS";35.71;862437451594.95;0.000644968791890913
2025-06-09;"Namur-Brumagne";"Sciensano Foodborne Pathogens";633.38;82175;48531.76;"SARS";41.2;762137078186.797;0.000848928619114576
2025-06-09;"Oostende";"Sciensano Foodborne Pathogens";1390.83;135491;41773.37;"SARS";13.09;322488691352.193;0.000313357528971208
2025-06-09;"Roselies";"Sciensano Foodborne Pathogens";1299;96890;23047.75;"SARS";18.305;588994406027.454;0.000794220693993991
2025-06-09;"Tessenderlo";"University of Antwerpen Laboratory for Microbiology, Parasitology and Hygiene (LMPH)";472.75;45125;3559.32;"SARS";NA;NA;NA
2025-06-09;"Vallée du Hain (l'Orchis)";"Sciensano Foodborne Pathogens";468;57826;18368.53;"SARS";NA;NA;NA
2025-06-09;"Wasmuel";"Sciensano Foodborne Pathogens";1026.21;157343;17273.26;"SARS";NA;NA;NA
2025-06-16;"Aalst";"Sciensano Foodborne Pathogens";685.71;98357;133251.96;"SARS";69.725;1166634925831.41;0.000523256843651681
2025-06-16;"Antwerpen-Noord";"University of Antwerpen Laboratory for Microbiology, Parasitology and Hygiene (LMPH)";579.54;73974;21174;"SARS";NA;NA;NA
2025-06-16;"Antwerpen-Zuid";"University of Antwerpen Laboratory for Microbiology, Parasitology and Hygiene (LMPH)";1699;178677;65105.67;"SARS";8.58;195804765022.918;0.00013178575690873
2025-06-16;"Arlon";"Sciensano Foodborne Pathogens";526;19440;50231.5;"SARS";14.63;950046913580.247;0.000291251505529399
2025-06-16;"Basse Wavre (Dyle)";"Sciensano Foodborne Pathogens";881.25;78290;115044.41;"SARS";22.705;613374313449.994;0.000197358567878265
2025-06-16;"Brugge";"Sciensano Foodborne Pathogens";1584.38;180586;45055.15;"SARS";NA;NA;NA
2025-06-16;"Brussels-North";"Sciensano Foodborne Pathogens";10758.33;1080145;82574.86;"SARS";47.425;1133656241152.81;0.000574327343697585
2025-06-16;"Brussels-South";"Sciensano Foodborne Pathogens";2174;249307;78357.55;"SARS";46.93;982170448483.195;0.00059892122711851
2025-06-16;"Dendermonde";"University of Antwerpen Laboratory for Microbiology, Parasitology and Hygiene (LMPH)";596.29;69500;2926.91;"SARS";NA;NA;NA
2025-06-16;"Deurne";"University of Antwerpen Laboratory for Microbiology, Parasitology and Hygiene (LMPH)";1824.04;215592;21009.75;"SARS";NA;NA;NA
2025-06-16;"Genk";"University of Antwerpen Laboratory for Microbiology, Parasitology and Hygiene (LMPH)";1357.92;68582;15281.48;"SARS";NA;NA;NA
2025-06-16;"Gent";"Sciensano Foodborne Pathogens";1481.79;220130;67760.52;"SARS";9.515;153718968064.326;0.000140421000311096
2025-06-16;"Grimbergen";"Sciensano Foodborne Pathogens";735.08;107643;163203.74;"SARS";39.005;639264131991.862;0.000238995748504293
2025-06-16;"Harelbeke";"Sciensano Foodborne Pathogens";940.46;107894;82063.99;"SARS";30.05;628635282777.541;0.000366177662090279
2025-06-16;"Hasselt";"University of Antwerpen Laboratory for Microbiology, Parasitology and Hygiene (LMPH)";806.33;69586;4591.23;"SARS";NA;NA;NA
2025-06-16;"Leuven";"Sciensano Foodborne Pathogens";1093.96;120939;71207.14;"SARS";20.93;454376162528.217;0.000293931198472513
2025-06-16;"Liedekerke";"Sciensano Foodborne Pathogens";742.88;101075;65816.9;"SARS";15.445;272442006826.614;0.000234666172366064
2025-06-16;"Liège Oupeye";"Sciensano Foodborne Pathogens";2902.08;253780;73560.73;"SARS";12.12;332633395224.21;0.000164761823326114
2025-06-16;"Liège Sclessin";"Sciensano Foodborne Pathogens";705;142240;2660.59;"SARS";NA;NA;NA
2025-06-16;"Marche-en-Famenne";"Sciensano Foodborne Pathogens";202.79;8633;25501.48;"SARS";NA;NA;NA
2025-06-16;"Marchienne-au-Pont";"Sciensano Foodborne Pathogens";764;52017;36193.25;"SARS";12.03;424057673452.91;0.000332382419373778
2025-06-16;"Mechelen-Noord";"University of Antwerpen Laboratory for Microbiology, Parasitology and Hygiene (LMPH)";855.58;98143;27351.87;"SARS";NA;NA;NA
2025-06-16;"Montignies-sur-Sambre";"Sciensano Foodborne Pathogens";1044;123576;41819.23;"SARS";10.45;211881918819.188;0.000249885040924952
2025-06-16;"Mornimont";"Sciensano Foodborne Pathogens";261.46;34139;86158.55;"SARS";19.41;356772390521.105;0.000225282342843513
2025-06-16;"Namur-Brumagne";"Sciensano Foodborne Pathogens";599.88;82175;203483.55;"SARS";64.37;1127767099969.58;0.000316340067784349
2025-06-16;"Oostende";"Sciensano Foodborne Pathogens";1388.13;135491;51095.83;"SARS";17.675;434600634728.506;0.000345918639544558
2025-06-16;"Roselies";"Sciensano Foodborne Pathogens";1194;96890;1178.99;"SARS";NA;NA;NA
2025-06-16;"Tessenderlo";"University of Antwerpen Laboratory for Microbiology, Parasitology and Hygiene (LMPH)";383.67;45125;21684.39;"SARS";NA;NA;NA
2025-06-16;"Vallée du Hain (l'Orchis)";"Sciensano Foodborne Pathogens";445;57826;77118.55;"SARS";22.195;409923909660.014;0.000287803647760493
2025-06-16;"Wasmuel";"Sciensano Foodborne Pathogens";992.88;157343;43462.69;"SARS";NA;NA;NA
2025-06-23;"Aalst";"Sciensano Foodborne Pathogens";600.29;98357;96365.69;"SARS";38.2;559539099403.195;0.000396406646390432
2025-06-23;"Antwerpen-Noord";"University of Antwerpen Laboratory for Microbiology, Parasitology and Hygiene (LMPH)";586.92;73974;44519.54;"SARS";NA;NA;NA
2025-06-23;"Antwerpen-Zuid";"University of Antwerpen Laboratory for Microbiology, Parasitology and Hygiene (LMPH)";1677.67;178677;76476.17;"SARS";11.995;270302075588.912;0.000156846243738409
2025-06-23;"Arlon";"Sciensano Foodborne Pathogens";350.75;19440;31552.25;"SARS";NA;NA;NA
2025-06-23;"Basse Wavre (Dyle)";"Sciensano Foodborne Pathogens";872.04;78290;30616.4;"SARS";NA;NA;NA
2025-06-23;"Brugge";"Sciensano Foodborne Pathogens";1520.21;180586;71846.12;"SARS";NA;NA;NA
2025-06-23;"Brussels-North";"Sciensano Foodborne Pathogens";10735.63;1080145;97974.24;"SARS";36.44;869230758166.728;0.000371934500333965
2025-06-23;"Brussels-South";"Sciensano Foodborne Pathogens";2128;249307;116395.19;"SARS";45.665;935474286722.796;0.000392327208710257
2025-06-23;"Dendermonde";"University of Antwerpen Laboratory for Microbiology, Parasitology and Hygiene (LMPH)";601.75;69500;50713.76;"SARS";NA;NA;NA
2025-06-23;"Deurne";"University of Antwerpen Laboratory for Microbiology, Parasitology and Hygiene (LMPH)";1675.21;215592;27593.17;"SARS";NA;NA;NA
2025-06-23;"Genk";"University of Antwerpen Laboratory for Microbiology, Parasitology and Hygiene (LMPH)";1243.17;68582;4901.57;"SARS";NA;NA;NA
2025-06-23;"Gent";"Sciensano Foodborne Pathogens";1408.75;220130;110275.57;"SARS";10.4;159734702221.415;9.43091928701887e-05
2025-06-23;"Grimbergen";"Sciensano Foodborne Pathogens";695.25;107643;78010.3;"SARS";12.275;190277723586.299;0.000157351016468338
2025-06-23;"Harelbeke";"Sciensano Foodborne Pathogens";881.58;107894;92354.58;"SARS";18.895;370529314327.025;0.000204591910872206
2025-06-23;"Hasselt";"University of Antwerpen Laboratory for Microbiology, Parasitology and Hygiene (LMPH)";761.42;69586;2293.36;"SARS";NA;NA;NA
2025-06-23;"Leuven";"Sciensano Foodborne Pathogens";1098.04;120939;90802.73;"SARS";13.425;292534656314.34;0.000147847977698468
2025-06-23;"Liedekerke";"Sciensano Foodborne Pathogens";744.33;101075;42797.66;"SARS";13.61;240542123373.732;0.00031800804062652
2025-06-23;"Liège Oupeye";"Sciensano Foodborne Pathogens";2728.04;253780;35544.6;"SARS";NA;NA;NA
2025-06-23;"Liège Sclessin";"Sciensano Foodborne Pathogens";1214.17;142240;55262.84;"SARS";19.935;408399532339.708;0.000360730646488671
2025-06-23;"Marche-en-Famenne";"Sciensano Foodborne Pathogens";172.04;8633;7418.5;"SARS";NA;NA;NA
2025-06-23;"Marchienne-au-Pont";"Sciensano Foodborne Pathogens";757;52017;38248.39;"SARS";NA;NA;NA
2025-06-23;"Mechelen-Noord";"University of Antwerpen Laboratory for Microbiology, Parasitology and Hygiene (LMPH)";925.46;98143;11041.17;"SARS";NA;NA;NA
2025-06-23;"Montignies-sur-Sambre";"Sciensano Foodborne Pathogens";1018;123576;49750.73;"SARS";NA;NA;NA
2025-06-23;"Mornimont";"Sciensano Foodborne Pathogens";278.75;34139;44107.98;"SARS";NA;NA;NA
2025-06-23;"Namur-Brumagne";"Sciensano Foodborne Pathogens";592.42;82175;89184.73;"SARS";10.73;185652568786.127;0.000120312075845271
2025-06-23;"Oostende";"Sciensano Foodborne Pathogens";1372.96;135491;63924.59;"SARS";14.68;357013578171.244;0.000229645587089413
2025-06-23;"Roselies";"Sciensano Foodborne Pathogens";1052;96890;774.56;"SARS";NA;NA;NA
2025-06-23;"Tessenderlo";"University of Antwerpen Laboratory for Microbiology, Parasitology and Hygiene (LMPH)";379.25;45125;8836.31;"SARS";NA;NA;NA
2025-06-23;"Vallée du Hain (l'Orchis)";"Sciensano Foodborne Pathogens";415;57826;88984.38;"SARS";17.625;303574516653.409;0.000198068469994397
2025-06-23;"Wasmuel";"Sciensano Foodborne Pathogens";691.79;157343;29819.68;"SARS";8.64;91169975404.0535;0.000289741539815317
2025-06-30;"Aalst";"Sciensano Foodborne Pathogens";611;98357;15154.04;"SARS";NA;NA;NA
2025-06-30;"Antwerpen-Noord";"University of Antwerpen Laboratory for Microbiology, Parasitology and Hygiene (LMPH)";544.21;73974;13024.45;"SARS";NA;NA;NA
2025-06-30;"Antwerpen-Zuid";"University of Antwerpen Laboratory for Microbiology, Parasitology and Hygiene (LMPH)";1693.83;178677;52029.55;"SARS";NA;NA;NA
2025-06-30;"Arlon";"Sciensano Foodborne Pathogens";321.79;19440;15333.86;"SARS";NA;NA;NA
2025-06-30;"Basse Wavre (Dyle)";"Sciensano Foodborne Pathogens";788.29;78290;72879.21;"SARS";11.07;267509116362.243;0.000151895170104067
2025-06-30;"Brugge";"Sciensano Foodborne Pathogens";1620.46;180586;20198.51;"SARS";NA;NA;NA
2025-06-30;"Brussels-North";"Sciensano Foodborne Pathogens";9304.17;1080145;51270.51;"SARS";NA;NA;NA
2025-06-30;"Brussels-South";"Sciensano Foodborne Pathogens";1855;249307;15984.7;"SARS";NA;NA;NA
2025-06-30;"Dendermonde";"University of Antwerpen Laboratory for Microbiology, Parasitology and Hygiene (LMPH)";527.79;69500;44351.87;"SARS";NA;NA;NA
2025-06-30;"Deurne";"University of Antwerpen Laboratory for Microbiology, Parasitology and Hygiene (LMPH)";1746.08;215592;18551.57;"SARS";NA;NA;NA
2025-06-30;"Genk";"University of Antwerpen Laboratory for Microbiology, Parasitology and Hygiene (LMPH)";1244.46;68582;3224.05;"SARS";NA;NA;NA
2025-06-30;"Gent";"Sciensano Foodborne Pathogens";1408.13;220130;28559.64;"SARS";NA;NA;NA
2025-06-30;"Grimbergen";"Sciensano Foodborne Pathogens";695.46;107643;40826.06;"SARS";NA;NA;NA
2025-06-30;"Harelbeke";"Sciensano Foodborne Pathogens";895;107894;9499.31;"SARS";NA;NA;NA
2025-06-30;"Hasselt";"University of Antwerpen Laboratory for Microbiology, Parasitology and Hygiene (LMPH)";717.67;69586;2137.57;"SARS";NA;NA;NA
2025-06-30;"Leuven";"Sciensano Foodborne Pathogens";1153.92;120939;18170.15;"SARS";NA;NA;NA
2025-06-30;"Liedekerke";"Sciensano Foodborne Pathogens";664.58;101075;27578.6;"SARS";NA;NA;NA
2025-06-30;"Liège Oupeye";"Sciensano Foodborne Pathogens";2838.75;253780;62838.23;"SARS";NA;NA;NA
2025-06-30;"Liège Sclessin";"Sciensano Foodborne Pathogens";1160.42;142240;26443.85;"SARS";NA;NA;NA
2025-06-30;"Marche-en-Famenne";"Sciensano Foodborne Pathogens";147.63;8633;16369.27;"SARS";NA;NA;NA
2025-06-30;"Marchienne-au-Pont";"Sciensano Foodborne Pathogens";620;52017;43718.76;"SARS";NA;NA;NA
2025-06-30;"Mechelen-Noord";"University of Antwerpen Laboratory for Microbiology, Parasitology and Hygiene (LMPH)";931.08;98143;5504.84;"SARS";NA;NA;NA
2025-06-30;"Montignies-sur-Sambre";"Sciensano Foodborne Pathogens";1819;123576;54222.44;"SARS";10.54;372349194018.256;0.000194384465177148
2025-06-30;"Mornimont";"Sciensano Foodborne Pathogens";316.67;34139;93085.16;"SARS";9.755;217167405020.651;0.000104796511065781
2025-06-30;"Namur-Brumagne";"Sciensano Foodborne Pathogens";571.79;82175;38078.38;"SARS";NA;NA;NA
2025-06-30;"Oostende";"Sciensano Foodborne Pathogens";1408.54;135491;10439.52;"SARS";NA;NA;NA
2025-06-30;"Roselies";"Sciensano Foodborne Pathogens";1119;96890;NA;"SARS";NA;NA;NA
2025-06-30;"Tessenderlo";"University of Antwerpen Laboratory for Microbiology, Parasitology and Hygiene (LMPH)";340.5;45125;886.39;"SARS";NA;NA;NA
2025-06-30;"Wasmuel";"Sciensano Foodborne Pathogens";486.98;157343;59753.9;"SARS";10.64;79034474237.8117;0.000178063691240237
2025-07-01;"Vallée du Hain (l'Orchis)";"Sciensano Foodborne Pathogens";357.42;57826;8773.46;"SARS";NA;NA;NA
2025-07-07;"Aalst";"Sciensano Foodborne Pathogens";3852.08;98357;13059.32;"SARS";NA;NA;NA
2025-07-07;"Antwerpen-Noord";"University of Antwerpen Laboratory for Microbiology, Parasitology and Hygiene (LMPH)";1587.96;73974;487.81;"SARS";NA;NA;NA
2025-07-07;"Antwerpen-Zuid";"University of Antwerpen Laboratory for Microbiology, Parasitology and Hygiene (LMPH)";4665.17;178677;15859.96;"SARS";NA;NA;NA
2025-07-07;"Arlon";"Sciensano Foodborne Pathogens";797.29;19440;17271.07;"SARS";NA;NA;NA
2025-07-07;"Basse Wavre (Dyle)";"Sciensano Foodborne Pathogens";1028.63;78290;8791.31;"SARS";NA;NA;NA
2025-07-07;"Brugge";"Sciensano Foodborne Pathogens";2511.75;180586;41857.65;"SARS";NA;NA;NA
2025-07-07;"Brussels-North";"Sciensano Foodborne Pathogens";22821.46;1080145;67278.19;"SARS";15.82;802193402996.82;0.000235143067909526
2025-07-07;"Brussels-South";"Sciensano Foodborne Pathogens";8852;249307;12644.27;"SARS";NA;NA;NA
2025-07-07;"Dendermonde";"University of Antwerpen Laboratory for Microbiology, Parasitology and Hygiene (LMPH)";5278.42;69500;2880.18;"SARS";NA;NA;NA
2025-07-07;"Deurne";"University of Antwerpen Laboratory for Microbiology, Parasitology and Hygiene (LMPH)";4825.79;215592;12405.75;"SARS";NA;NA;NA
2025-07-07;"Genk";"University of Antwerpen Laboratory for Microbiology, Parasitology and Hygiene (LMPH)";2092.71;68582;2091.89;"SARS";NA;NA;NA
2025-07-07;"Gent";"Sciensano Foodborne Pathogens";7710.83;220130;11117.65;"SARS";NA;NA;NA
2025-07-07;"Grimbergen";"Sciensano Foodborne Pathogens";3835.29;107643;28503.38;"SARS";NA;NA;NA
2025-07-07;"Harelbeke";"Sciensano Foodborne Pathogens";4587.54;107894;14197.52;"SARS";NA;NA;NA
2025-07-07;"Hasselt";"University of Antwerpen Laboratory for Microbiology, Parasitology and Hygiene (LMPH)";1483.13;69586;326.67;"SARS";NA;NA;NA
2025-07-07;"Liedekerke";"Sciensano Foodborne Pathogens";4944.67;101075;3250.88;"SARS";NA;NA;NA
2025-07-07;"Liège Oupeye";"Sciensano Foodborne Pathogens";6632.92;253780;31871.85;"SARS";NA;NA;NA
2025-07-07;"Liège Sclessin";"Sciensano Foodborne Pathogens";3949.5;142240;33918.46;"SARS";15.18;1011587345331.83;0.000447543903821105
2025-07-07;"Marche-en-Famenne";"Sciensano Foodborne Pathogens";593.17;8633;13248.51;"SARS";NA;NA;NA
2025-07-07;"Marchienne-au-Pont";"Sciensano Foodborne Pathogens";1192;52017;10971.32;"SARS";NA;NA;NA
2025-07-07;"Mechelen-Noord";"University of Antwerpen Laboratory for Microbiology, Parasitology and Hygiene (LMPH)";3839.46;98143;NA;"SARS";NA;NA;NA
2025-07-07;"Montignies-sur-Sambre";"Sciensano Foodborne Pathogens";2388;123576;40621.29;"SARS";NA;NA;NA
2025-07-07;"Namur-Brumagne";"Sciensano Foodborne Pathogens";1397.67;82175;24000.9;"SARS";NA;NA;NA
2025-07-07;"Oostende";"Sciensano Foodborne Pathogens";2377.92;135491;19941.01;"SARS";NA;NA;NA
2025-07-07;"Roselies";"Sciensano Foodborne Pathogens";1779;96890;35242.77;"SARS";10.6;467104551553.308;0.000300770909891589
2025-07-07;"Tessenderlo";"University of Antwerpen Laboratory for Microbiology, Parasitology and Hygiene (LMPH)";766.67;45125;NA;"SARS";NA;NA;NA
2025-07-07;"Vallée du Hain (l'Orchis)";"Sciensano Foodborne Pathogens";1145;57826;NA;"SARS";NA;NA;NA
2025-07-07;"Wasmuel";"Sciensano Foodborne Pathogens";905.1;157343;17702.32;"SARS";NA;NA;NA
2025-07-14;"Aalst";"Sciensano Foodborne Pathogens";590.42;98357;4888.01;"SARS";NA;NA;NA
2025-07-14;"Antwerpen-Noord";"University of Antwerpen Laboratory for Microbiology, Parasitology and Hygiene (LMPH)";576.67;73974;50448.73;"SARS";NA;NA;NA
2025-07-14;"Antwerpen-Zuid";"University of Antwerpen Laboratory for Microbiology, Parasitology and Hygiene (LMPH)";1480.42;178677;84789.05;"SARS";15.34;305037261203.177;0.000180919588083603
2025-07-14;"Arlon";"Sciensano Foodborne Pathogens";494.79;19440;56572.15;"SARS";18.56;1133741037037.04;0.000328076624275372
2025-07-14;"Basse Wavre (Dyle)";"Sciensano Foodborne Pathogens";768.92;78290;37810.5;"SARS";NA;NA;NA
2025-07-14;"Brugge";"Sciensano Foodborne Pathogens";1519.96;180586;10767.54;"SARS";NA;NA;NA
2025-07-14;"Brussels-North";"Sciensano Foodborne Pathogens";8831.67;1080145;73597.15;"SARS";16.795;329573302065.926;0.000228201771400115
2025-07-14;"Brussels-South";"Sciensano Foodborne Pathogens";1985;249307;45605.01;"SARS";14.86;283959295166.201;0.00032584139330306
2025-07-14;"Dendermonde";"University of Antwerpen Laboratory for Microbiology, Parasitology and Hygiene (LMPH)";500.58;69500;3762.21;"SARS";NA;NA;NA
2025-07-14;"Deurne";"University of Antwerpen Laboratory for Microbiology, Parasitology and Hygiene (LMPH)";1533.63;215592;66375.78;"SARS";12.29;209822027162.418;0.000185157899462726
2025-07-14;"Genk";"University of Antwerpen Laboratory for Microbiology, Parasitology and Hygiene (LMPH)";1153.92;68582;15510.15;"SARS";NA;NA;NA
2025-07-14;"Gent";"Sciensano Foodborne Pathogens";1285.04;220130;9864.57;"SARS";NA;NA;NA
2025-07-14;"Grimbergen";"Sciensano Foodborne Pathogens";637.13;107643;24176.06;"SARS";NA;NA;NA
2025-07-14;"Harelbeke";"Sciensano Foodborne Pathogens";853.58;107894;11351.34;"SARS";NA;NA;NA
2025-07-14;"Hasselt";"University of Antwerpen Laboratory for Microbiology, Parasitology and Hygiene (LMPH)";672.21;69586;3416.12;"SARS";NA;NA;NA
2025-07-14;"Leuven";"Sciensano Foodborne Pathogens";NA;120939;59330.88;"SARS";10.765;NA;0.000181440086511442
2025-07-14;"Liedekerke";"Sciensano Foodborne Pathogens";579.92;101075;7866.77;"SARS";NA;NA;NA
2025-07-14;"Liège Oupeye";"Sciensano Foodborne Pathogens";2649.58;253780;92629.83;"SARS";NA;NA;NA
2025-07-14;"Liège Sclessin";"Sciensano Foodborne Pathogens";1218.75;142240;25217.45;"SARS";NA;NA;NA
2025-07-14;"Marche-en-Famenne";"Sciensano Foodborne Pathogens";175.13;8633;21420.18;"SARS";NA;NA;NA
2025-07-14;"Marchienne-au-Pont";"Sciensano Foodborne Pathogens";730;52017;20980.6;"SARS";8.42;283596516523.444;0.000401323127079302
2025-07-14;"Mechelen-Noord";"University of Antwerpen Laboratory for Microbiology, Parasitology and Hygiene (LMPH)";877.96;98143;20505.76;"SARS";NA;NA;NA
2025-07-14;"Montignies-sur-Sambre";"Sciensano Foodborne Pathogens";1494;123576;46796.84;"SARS";8.18;237345503981.356;0.000174798127394927
2025-07-14;"Mornimont";"Sciensano Foodborne Pathogens";341.25;34139;40696.71;"SARS";NA;NA;NA
2025-07-14;"Namur-Brumagne";"Sciensano Foodborne Pathogens";720.17;82175;21910.5;"SARS";NA;NA;NA
2025-07-14;"Oostende";"Sciensano Foodborne Pathogens";1387.79;135491;3649.01;"SARS";NA;NA;NA
2025-07-14;"Roselies";"Sciensano Foodborne Pathogens";967;96890;41272.23;"SARS";NA;NA;NA
2025-07-14;"Tessenderlo";"University of Antwerpen Laboratory for Microbiology, Parasitology and Hygiene (LMPH)";314.33;45125;2802.38;"SARS";NA;NA;NA
2025-07-14;"Vallée du Hain (l'Orchis)";"Sciensano Foodborne Pathogens";396;57826;51761.89;"SARS";NA;NA;NA
2025-07-14;"Wasmuel";"Sciensano Foodborne Pathogens";782.59;157343;111625.11;"SARS";NA;NA;NA
2025-07-21;"Aalst";"Sciensano Foodborne Pathogens";1384.96;98357;44854.99;"SARS";NA;NA;NA
2025-07-21;"Antwerpen-Noord";"University of Antwerpen Laboratory for Microbiology, Parasitology and Hygiene (LMPH)";471.33;73974;20508.47;"SARS";NA;NA;NA
2025-07-21;"Antwerpen-Zuid";"University of Antwerpen Laboratory for Microbiology, Parasitology and Hygiene (LMPH)";2242.92;178677;35864.07;"SARS";NA;NA;NA
2025-07-21;"Arlon";"Sciensano Foodborne Pathogens";454.75;19440;13550.63;"SARS";NA;NA;NA
2025-07-21;"Basse Wavre (Dyle)";"Sciensano Foodborne Pathogens";786.33;78290;55112.33;"SARS";9.1;219356842508.622;0.000165117315852913
2025-07-21;"Brugge";"Sciensano Foodborne Pathogens";2878.83;180586;101253.51;"SARS";11.72;448405359440.931;0.000115749073785195
2025-07-21;"Brussels-North";"Sciensano Foodborne Pathogens";14807.08;1080145;71984.64;"SARS";14.14;465208899619.958;0.000196430794124969
2025-07-21;"Brussels-South";"Sciensano Foodborne Pathogens";2737;249307;124521.74;"SARS";16.195;426709703297.541;0.00013005761082362
2025-07-21;"Dendermonde";"University of Antwerpen Laboratory for Microbiology, Parasitology and Hygiene (LMPH)";1218.08;69500;6109.12;"SARS";NA;NA;NA
2025-07-21;"Deurne";"University of Antwerpen Laboratory for Microbiology, Parasitology and Hygiene (LMPH)";3164;215592;38527.46;"SARS";10.07;354686407658.911;0.000261372018814632
2025-07-21;"Genk";"University of Antwerpen Laboratory for Microbiology, Parasitology and Hygiene (LMPH)";1310.79;68582;9249.97;"SARS";NA;NA;NA
2025-07-21;"Gent";"Sciensano Foodborne Pathogens";2923.46;220130;78265.43;"SARS";11.16;355707775587.153;0.000142591690865303
2025-07-21;"Grimbergen";"Sciensano Foodborne Pathogens";2113.25;107643;53435.83;"SARS";NA;NA;NA
2025-07-21;"Harelbeke";"Sciensano Foodborne Pathogens";1148.13;107894;69676.73;"SARS";10.31;263307771701.856;0.000147969056527194
2025-07-21;"Hasselt";"University of Antwerpen Laboratory for Microbiology, Parasitology and Hygiene (LMPH)";821.75;69586;1006.87;"SARS";NA;NA;NA
2025-07-21;"Leuven";"Sciensano Foodborne Pathogens";3683;120939;59785.36;"SARS";11.86;866824696747.947;0.000198376324906298
2025-07-21;"Liedekerke";"Sciensano Foodborne Pathogens";2060.5;101075;62609.63;"SARS";NA;NA;NA
2025-07-21;"Liège Oupeye";"Sciensano Foodborne Pathogens";1913.75;253780;17831.27;"SARS";NA;NA;NA
2025-07-21;"Liège Sclessin";"Sciensano Foodborne Pathogens";3548.75;142240;23860.2;"SARS";9.72;582010967379.078;0.000407372947418714
2025-07-21;"Marche-en-Famenne";"Sciensano Foodborne Pathogens";373.29;8633;12089.53;"SARS";NA;NA;NA
2025-07-21;"Marchienne-au-Pont";"Sciensano Foodborne Pathogens";1125;52017;21401.02;"SARS";NA;NA;NA
2025-07-21;"Mechelen-Noord";"University of Antwerpen Laboratory for Microbiology, Parasitology and Hygiene (LMPH)";2335.46;98143;31627.39;"SARS";NA;NA;NA
2025-07-21;"Montignies-sur-Sambre";"Sciensano Foodborne Pathogens";2212;123576;34009.25;"SARS";NA;NA;NA
2025-07-21;"Mornimont";"Sciensano Foodborne Pathogens";923.33;34139;23849.28;"SARS";NA;NA;NA
2025-07-21;"Namur-Brumagne";"Sciensano Foodborne Pathogens";818.21;82175;32921.62;"SARS";NA;NA;NA
2025-07-21;"Oostende";"Sciensano Foodborne Pathogens";2352.88;135491;53475.24;"SARS";NA;NA;NA
2025-07-21;"Roselies";"Sciensano Foodborne Pathogens";1134;96890;25098.53;"SARS";NA;NA;NA
2025-07-21;"Tessenderlo";"University of Antwerpen Laboratory for Microbiology, Parasitology and Hygiene (LMPH)";1156.92;45125;284.2;"SARS";NA;NA;NA
2025-07-21;"Vallée du Hain (l'Orchis)";"Sciensano Foodborne Pathogens";536;57826;55480.15;"SARS";12.58;279855290007.955;0.000226747764741083
2025-07-21;"Wasmuel";"Sciensano Foodborne Pathogens";1380.42;157343;56213.66;"SARS";NA;NA;NA
2025-07-28;"Aalst";"Sciensano Foodborne Pathogens";881.67;98357;46992.04;"SARS";NA;NA;NA
2025-07-28;"Antwerpen-Noord";"University of Antwerpen Laboratory for Microbiology, Parasitology and Hygiene (LMPH)";517.63;73974;3757.62;"SARS";NA;NA;NA
2025-07-28;"Arlon";"Sciensano Foodborne Pathogens";334.58;19440;57271.29;"SARS";27.25;1125593209876.54;0.00047580559124825
2025-07-28;"Basse Wavre (Dyle)";"Sciensano Foodborne Pathogens";673.83;78290;107159.29;"SARS";59.855;1236390690509.64;0.000558560998304487
2025-07-28;"Brugge";"Sciensano Foodborne Pathogens";1342.33;180586;41923.38;"SARS";NA;NA;NA
2025-07-28;"Brussels-North";"Sciensano Foodborne Pathogens";10020.83;1080145;89643.89;"SARS";34.925;777623347420.948;0.000389597104721805
2025-07-28;"Brussels-South";"Sciensano Foodborne Pathogens";2076;249307;98010.28;"SARS";38.695;773319513691.954;0.000394805524481718
2025-07-28;"Dendermonde";"University of Antwerpen Laboratory for Microbiology, Parasitology and Hygiene (LMPH)";1241.79;69500;8635.83;"SARS";NA;NA;NA
2025-07-28;"Deurne";"University of Antwerpen Laboratory for Microbiology, Parasitology and Hygiene (LMPH)";2138.21;215592;17201.17;"SARS";8.18;194707311588.556;0.000475549046954364
2025-07-28;"Genk";"University of Antwerpen Laboratory for Microbiology, Parasitology and Hygiene (LMPH)";1279.13;68582;14668.02;"SARS";NA;NA;NA
2025-07-28;"Gent";"Sciensano Foodborne Pathogens";1270.83;220130;61812.42;"SARS";11.98;165987844273.838;0.000193812182082501
2025-07-28;"Grimbergen";"Sciensano Foodborne Pathogens";1261.17;107643;33537.5;"SARS";NA;NA;NA
2025-07-28;"Harelbeke";"Sciensano Foodborne Pathogens";786.13;107894;32285.64;"SARS";8.25;144265427178.527;0.000255531561400053
2025-07-28;"Hasselt";"University of Antwerpen Laboratory for Microbiology, Parasitology and Hygiene (LMPH)";629.92;69586;972.5;"SARS";NA;NA;NA
2025-07-28;"Leuven";"Sciensano Foodborne Pathogens";3329.96;120939;40621.31;"SARS";8.36;552446418773.101;0.000205803308657451
2025-07-28;"Liedekerke";"Sciensano Foodborne Pathogens";743.42;101075;57914.17;"SARS";NA;NA;NA
2025-07-28;"Liège Oupeye";"Sciensano Foodborne Pathogens";3615.42;253780;17238.31;"SARS";NA;NA;NA
2025-07-28;"Liège Sclessin";"Sciensano Foodborne Pathogens";1271.25;142240;44019.81;"SARS";17.74;380517013498.313;0.000403000376421434
2025-07-28;"Marche-en-Famenne";"Sciensano Foodborne Pathogens";398.38;8633;14856.4;"SARS";NA;NA;NA
2025-07-28;"Marchienne-au-Pont";"Sciensano Foodborne Pathogens";921;52017;23424.85;"SARS";NA;NA;NA
2025-07-28;"Mechelen-Noord";"University of Antwerpen Laboratory for Microbiology, Parasitology and Hygiene (LMPH)";2744.33;98143;4628.01;"SARS";NA;NA;NA
2025-07-28;"Montignies-sur-Sambre";"Sciensano Foodborne Pathogens";1918;123576;26758.14;"SARS";NA;NA;NA
2025-07-28;"Mornimont";"Sciensano Foodborne Pathogens";550.83;34139;27198.92;"SARS";NA;NA;NA
2025-07-28;"Namur-Brumagne";"Sciensano Foodborne Pathogens";800.17;82175;51383.34;"SARS";10.905;254846963675.084;0.000212228321475404
2025-07-28;"Oostende";"Sciensano Foodborne Pathogens";1313.21;135491;97419.85;"SARS";27.99;651085274741.496;0.00028731310918668
2025-07-28;"Roselies";"Sciensano Foodborne Pathogens";1131;96890;13326.3;"SARS";NA;NA;NA
2025-07-28;"Tessenderlo";"University of Antwerpen Laboratory for Microbiology, Parasitology and Hygiene (LMPH)";330.54;45125;1634.55;"SARS";NA;NA;NA
2025-07-28;"Vallée du Hain (l'Orchis)";"Sciensano Foodborne Pathogens";401;57826;35265.48;"SARS";NA;NA;NA
2025-07-28;"Wasmuel";"Sciensano Foodborne Pathogens";1575.68;157343;22261.56;"SARS";NA;NA;NA
2025-08-04;"Aalst";"Sciensano Foodborne Pathogens";725.63;98357;56447.66;"SARS";16.23;287368868102.931;0.000287522990324134
2025-08-04;"Antwerpen-Noord";"University of Antwerpen Laboratory for Microbiology, Parasitology and Hygiene (LMPH)";731.92;73974;11472.31;"SARS";NA;NA;NA
2025-08-04;"Arlon";"Sciensano Foodborne Pathogens";368.42;19440;3889.7;"SARS";NA;NA;NA
2025-08-04;"Basse Wavre (Dyle)";"Sciensano Foodborne Pathogens";863.33;78290;74655.81;"SARS";10.82;286357816323.924;0.000144931787626442
2025-08-04;"Brugge";"Sciensano Foodborne Pathogens";2079.42;180586;61071.97;"SARS";10.18;281330720210.869;0.000166688580702407
2025-08-04;"Brussels-North";"Sciensano Foodborne Pathogens";10320.83;1080145;134824.87;"SARS";38.295;878184728568.849;0.00028403513387404
2025-08-04;"Brussels-South";"Sciensano Foodborne Pathogens";1999;249307;113266.61;"SARS";49.955;961321214406.334;0.000441039067029551
2025-08-04;"Dendermonde";"University of Antwerpen Laboratory for Microbiology, Parasitology and Hygiene (LMPH)";757.46;69500;2981.02;"SARS";NA;NA;NA
2025-08-04;"Deurne";"University of Antwerpen Laboratory for Microbiology, Parasitology and Hygiene (LMPH)";1913.21;215592;38599.18;"SARS";8.64;184015745296.672;0.000223838952019188
2025-08-04;"Genk";"University of Antwerpen Laboratory for Microbiology, Parasitology and Hygiene (LMPH)";1511.75;68582;18096.57;"SARS";9.37;495701991776.268;0.000517777678311415
2025-08-04;"Gent";"Sciensano Foodborne Pathogens";1758.04;220130;108240.42;"SARS";23.365;447843778857.948;0.000215862059663109
2025-08-04;"Grimbergen";"Sciensano Foodborne Pathogens";881.04;107643;76027.61;"SARS";24.025;471937482232.937;0.000316003620263744
2025-08-04;"Harelbeke";"Sciensano Foodborne Pathogens";811.75;107894;50054;"SARS";15.435;278703792611.267;0.000308366963679226
2025-08-04;"Hasselt";"University of Antwerpen Laboratory for Microbiology, Parasitology and Hygiene (LMPH)";937.71;69586;2037.18;"SARS";NA;NA;NA
2025-08-04;"Leuven";"Sciensano Foodborne Pathogens";1377.79;120939;58625.11;"SARS";11.255;307732522015.231;0.000191982582207522
2025-08-04;"Liedekerke";"Sciensano Foodborne Pathogens";681.5;101075;74959.25;"SARS";16.04;259559970319.07;0.000213982930725694
2025-08-04;"Liège Oupeye";"Sciensano Foodborne Pathogens";3551.67;253780;26035.46;"SARS";NA;NA;NA
2025-08-04;"Liège Sclessin";"Sciensano Foodborne Pathogens";1727.08;142240;49482.64;"SARS";29.66;864317088863.892;0.000599402133758425
2025-08-04;"Marche-en-Famenne";"Sciensano Foodborne Pathogens";340.58;8633;24197.01;"SARS";18.365;1738839810031.28;0.000758978072084113
2025-08-04;"Marchienne-au-Pont";"Sciensano Foodborne Pathogens";1104;52017;43143.89;"SARS";9.79;498675125439.76;0.000226915097363729
2025-08-04;"Mechelen-Noord";"University of Antwerpen Laboratory for Microbiology, Parasitology and Hygiene (LMPH)";1032;98143;16146.68;"SARS";NA;NA;NA
2025-08-04;"Montignies-sur-Sambre";"Sciensano Foodborne Pathogens";1971;123576;37040.91;"SARS";NA;NA;NA
2025-08-04;"Mornimont";"Sciensano Foodborne Pathogens";371.67;34139;19635.25;"SARS";NA;NA;NA
2025-08-04;"Namur-Brumagne";"Sciensano Foodborne Pathogens";581.13;82175;104379.24;"SARS";23.605;400634946881.655;0.000226146501928928
2025-08-04;"Oostende";"Sciensano Foodborne Pathogens";1781.75;135491;50165.39;"SARS";17.53;553260260829.133;0.000349444108776987
2025-08-04;"Roselies";"Sciensano Foodborne Pathogens";1387;96890;21491.65;"SARS";NA;NA;NA
2025-08-04;"Tessenderlo";"University of Antwerpen Laboratory for Microbiology, Parasitology and Hygiene (LMPH)";523.79;45125;2917.63;"SARS";NA;NA;NA
2025-08-04;"Vallée du Hain (l'Orchis)";"Sciensano Foodborne Pathogens";396;57826;50952.72;"SARS";12.83;210867637394.943;0.000251802062775059
2025-08-04;"Wasmuel";"Sciensano Foodborne Pathogens";1115.59;157343;38490.47;"SARS";10.83;184287926885.848;0.00028136834910044
2025-08-11;"Aalst";"Sciensano Foodborne Pathogens";573.33;98357;70762.69;"SARS";14.135;197745426558.354;0.000199752157528212
2025-08-11;"Antwerpen-Noord";"University of Antwerpen Laboratory for Microbiology, Parasitology and Hygiene (LMPH)";490.88;73974;27130.75;"SARS";NA;NA;NA
2025-08-11;"Antwerpen-Zuid";"University of Antwerpen Laboratory for Microbiology, Parasitology and Hygiene (LMPH)";1472.58;178677;40248.83;"SARS";12.08;238939759230.343;0.000300132947963953
2025-08-11;"Arlon";"Sciensano Foodborne Pathogens";330.88;19440;34909.06;"SARS";8.47;345994271604.938;0.000242630423162354
2025-08-11;"Basse Wavre (Dyle)";"Sciensano Foodborne Pathogens";724.75;78290;51410.27;"SARS";NA;NA;NA
2025-08-11;"Brugge";"Sciensano Foodborne Pathogens";1616.38;180586;104204.1;"SARS";33.905;728340366141.34;0.000325371074650614
2025-08-11;"Brussels-North";"Sciensano Foodborne Pathogens";9325;1080145;134819.41;"SARS";43.05;891971911178.592;0.000319316039137095
2025-08-11;"Brussels-South";"Sciensano Foodborne Pathogens";1787;249307;218257.34;"SARS";72.715;1250907884656.27;0.000333161762165708
2025-08-11;"Dendermonde";"University of Antwerpen Laboratory for Microbiology, Parasitology and Hygiene (LMPH)";577.29;69500;2648.51;"SARS";NA;NA;NA
2025-08-11;"Deurne";"University of Antwerpen Laboratory for Microbiology, Parasitology and Hygiene (LMPH)";1540.29;215592;31775.63;"SARS";11.415;195729826895.247;0.000359237566650921
2025-08-11;"Gent";"Sciensano Foodborne Pathogens";1306.54;220130;82573.76;"SARS";12.82;182617647390.178;0.000155255131896622
2025-08-11;"Grimbergen";"Sciensano Foodborne Pathogens";644.5;107643;118844.45;"SARS";18.115;260307516512.918;0.000152426133487933
2025-08-11;"Harelbeke";"Sciensano Foodborne Pathogens";777.63;107894;62615.28;"SARS";14.39;248913096928.467;0.000229816108783671
2025-08-11;"Hasselt";"University of Antwerpen Laboratory for Microbiology, Parasitology and Hygiene (LMPH)";641.71;69586;16567.43;"SARS";NA;NA;NA
2025-08-11;"Leuven";"Sciensano Foodborne Pathogens";997.13;120939;72123.32;"SARS";17.79;352024264133.158;0.000246660858096937
2025-08-11;"Liedekerke";"Sciensano Foodborne Pathogens";600.13;101075;5300.57;"SARS";NA;NA;NA
2025-08-11;"Liège Oupeye";"Sciensano Foodborne Pathogens";2867.5;253780;43459.42;"SARS";NA;NA;NA
2025-08-11;"Liège Sclessin";"Sciensano Foodborne Pathogens";1140.83;142240;68684.62;"SARS";34.04;655239367829.021;0.000495598577964033
2025-08-11;"Marche-en-Famenne";"Sciensano Foodborne Pathogens";191.63;8633;79353.91;"SARS";42.42;2259871080736.71;0.000534567231784798
2025-08-11;"Marchienne-au-Pont";"Sciensano Foodborne Pathogens";774;52017;48510.2;"SARS";11.355;405502970182.825;0.000234074483304542
2025-08-11;"Mechelen-Noord";"University of Antwerpen Laboratory for Microbiology, Parasitology and Hygiene (LMPH)";723.25;98143;17457.84;"SARS";NA;NA;NA
2025-08-11;"Montignies-sur-Sambre";"Sciensano Foodborne Pathogens";1468;123576;27348.05;"SARS";NA;NA;NA
2025-08-11;"Mornimont";"Sciensano Foodborne Pathogens";415.42;34139;60692.27;"SARS";NA;NA;NA
2025-08-11;"Namur-Brumagne";"Sciensano Foodborne Pathogens";513.67;82175;80411.6;"SARS";19.635;294568726254.944;0.000244181187788826
2025-08-11;"Oostende";"Sciensano Foodborne Pathogens";1434.17;135491;63654.86;"SARS";13.915;353496109114.258;0.000218600747845491
2025-08-11;"Roselies";"Sciensano Foodborne Pathogens";1015;96890;27215.92;"SARS";NA;NA;NA
2025-08-11;"Tessenderlo";"University of Antwerpen Laboratory for Microbiology, Parasitology and Hygiene (LMPH)";309.46;45125;30031.05;"SARS";13.62;224169052188.366;0.000453530595833313
2025-08-11;"Vallée du Hain (l'Orchis)";"Sciensano Foodborne Pathogens";379;57826;19575.19;"SARS";NA;NA;NA
2025-08-11;"Wasmuel";"Sciensano Foodborne Pathogens";1098.84;157343;46098.78;"SARS";12.56;210517359907.972;0.000272458403454495
2025-08-18;"Aalst";"Sciensano Foodborne Pathogens";563.88;98357;24994.57;"SARS";8.3;114201222078.754;0.000332072126065781
2025-08-18;"Antwerpen-Noord";"University of Antwerpen Laboratory for Microbiology, Parasitology and Hygiene (LMPH)";438.04;73974;41950.56;"SARS";9.28;131884538892.043;0.000221212779996262
2025-08-18;"Antwerpen-Zuid";"University of Antwerpen Laboratory for Microbiology, Parasitology and Hygiene (LMPH)";1474.92;178677;57737.88;"SARS";12.275;243182632347.756;0.00021259873067733
2025-08-18;"Arlon";"Sciensano Foodborne Pathogens";289.67;19440;25780.06;"SARS";NA;NA;NA
2025-08-18;"Basse Wavre (Dyle)";"Sciensano Foodborne Pathogens";833.92;78290;35908.56;"SARS";NA;NA;NA
2025-08-18;"Brugge";"Sciensano Foodborne Pathogens";1448.5;180586;31775.02;"SARS";12.03;231585460666.94;0.00037859928963066
2025-08-18;"Brussels-North";"Sciensano Foodborne Pathogens";9608.33;1080145;132780.2;"SARS";46.54;993581442935.902;0.000350504066118292
2025-08-18;"Brussels-South";"Sciensano Foodborne Pathogens";1856;249307;82260.38;"SARS";25.05;447571548331.976;0.000304520839801615
2025-08-18;"Dendermonde";"University of Antwerpen Laboratory for Microbiology, Parasitology and Hygiene (LMPH)";538.67;69500;74523.41;"SARS";12.63;234937626474.82;0.000169476946908361
2025-08-18;"Deurne";"University of Antwerpen Laboratory for Microbiology, Parasitology and Hygiene (LMPH)";1520.58;215592;89823.62;"SARS";19.185;324750387398.419;0.000213585246285999
2025-08-18;"Genk";"University of Antwerpen Laboratory for Microbiology, Parasitology and Hygiene (LMPH)";1080.71;68582;22124.66;"SARS";12.64;478032407337.202;0.000571308214453917
2025-08-18;"Gent";"Sciensano Foodborne Pathogens";1341.88;220130;23522.03;"SARS";NA;NA;NA
2025-08-18;"Grimbergen";"Sciensano Foodborne Pathogens";619.83;107643;107911.24;"SARS";30.03;415005042222.904;0.00027828426399326
2025-08-18;"Harelbeke";"Sciensano Foodborne Pathogens";757.17;107894;49752.61;"SARS";13.09;220468725971.787;0.000263101774962158
2025-08-18;"Hasselt";"University of Antwerpen Laboratory for Microbiology, Parasitology and Hygiene (LMPH)";638.38;69586;4071.8;"SARS";NA;NA;NA
2025-08-18;"Leuven";"Sciensano Foodborne Pathogens";1116.5;120939;34895.91;"SARS";10.12;224225039069.283;0.000290005333003209
2025-08-18;"Liedekerke";"Sciensano Foodborne Pathogens";615.83;101075;14399.11;"SARS";NA;NA;NA
2025-08-18;"Liège Oupeye";"Sciensano Foodborne Pathogens";2841.5;253780;NA;"SARS";NA;NA;NA
2025-08-18;"Liège Sclessin";"Sciensano Foodborne Pathogens";1125.58;142240;19781.1;"SARS";9.12;173205111361.08;0.000461046150112987
2025-08-18;"Marche-en-Famenne";"Sciensano Foodborne Pathogens";191.96;8633;43971.48;"SARS";NA;NA;NA
2025-08-18;"Marchienne-au-Pont";"Sciensano Foodborne Pathogens";734;52017;47226.16;"SARS";10.89;368799123363.516;0.000230592536001233
2025-08-18;"Mechelen-Noord";"University of Antwerpen Laboratory for Microbiology, Parasitology and Hygiene (LMPH)";727.75;98143;41965.62;"SARS";9.47;168532671713.724;0.000225660910049703
2025-08-18;"Montignies-sur-Sambre";"Sciensano Foodborne Pathogens";1525;123576;29176.53;"SARS";NA;NA;NA
2025-08-18;"Mornimont";"Sciensano Foodborne Pathogens";300.83;34139;42613.71;"SARS";8.57;181243488092.797;0.000201108985817006
2025-08-18;"Namur-Brumagne";"Sciensano Foodborne Pathogens";717.92;82175;32288.26;"SARS";NA;NA;NA
2025-08-18;"Oostende";"Sciensano Foodborne Pathogens";1300.71;135491;82646.17;"SARS";38.54;887959142378.461;0.000466325299768882
2025-08-18;"Tessenderlo";"University of Antwerpen Laboratory for Microbiology, Parasitology and Hygiene (LMPH)";331.38;45125;24929.18;"SARS";NA;NA;NA
2025-08-18;"Vallée du Hain (l'Orchis)";"Sciensano Foodborne Pathogens";400;57826;71293.41;"SARS";21.61;358759035727.873;0.000303113569683369
2025-08-18;"Wasmuel";"Sciensano Foodborne Pathogens";1054.8;157343;41827.97;"SARS";9.4;151238301036.589;0.000224730007217658
2025-08-25;"Aalst";"Sciensano Foodborne Pathogens";570.29;98357;51443.03;"SARS";20.915;291044631698.811;0.000406566253970655
2025-08-25;"Antwerpen-Noord";"University of Antwerpen Laboratory for Microbiology, Parasitology and Hygiene (LMPH)";466.33;73974;8305.25;"SARS";NA;NA;NA
2025-08-25;"Antwerpen-Zuid";"University of Antwerpen Laboratory for Microbiology, Parasitology and Hygiene (LMPH)";1538.04;178677;16652.92;"SARS";NA;NA;NA
2025-08-25;"Arlon";"Sciensano Foodborne Pathogens";293.46;19440;NA;"SARS";NA;NA;NA
2025-08-25;"Basse Wavre (Dyle)";"Sciensano Foodborne Pathogens";712.54;78290;25720.97;"SARS";9.42;205761966023.758;0.000366238131765637
2025-08-25;"Brugge";"Sciensano Foodborne Pathogens";1418.42;180586;55867.58;"SARS";16.095;303405179582.027;0.000288091948854774
2025-08-25;"Brussels-North";"Sciensano Foodborne Pathogens";9829.17;1080145;104225.94;"SARS";50.35;1099627274856.62;0.000483085112976674
2025-08-25;"Brussels-South";"Sciensano Foodborne Pathogens";1955;249307;142246.64;"SARS";70.33;1323622521629.96;0.000494422926263847
2025-08-25;"Dendermonde";"University of Antwerpen Laboratory for Microbiology, Parasitology and Hygiene (LMPH)";537.13;69500;19289.55;"SARS";NA;NA;NA
2025-08-25;"Deurne";"University of Antwerpen Laboratory for Microbiology, Parasitology and Hygiene (LMPH)";1559.67;215592;20983.4;"SARS";9.88;171541128798.842;0.000470848384913789
2025-08-25;"Genk";"University of Antwerpen Laboratory for Microbiology, Parasitology and Hygiene (LMPH)";1083.58;68582;NA;"SARS";NA;NA;NA
2025-08-25;"Gent";"Sciensano Foodborne Pathogens";1293.29;220130;113988.98;"SARS";19.705;277846139463.044;0.000172867587726463
2025-08-25;"Grimbergen";"Sciensano Foodborne Pathogens";631.71;107643;104835.92;"SARS";29.275;412325414564.811;0.000279245892056845
2025-08-25;"Harelbeke";"Sciensano Foodborne Pathogens";793.75;107894;45895.67;"SARS";16.225;286472139321.927;0.00035351918819357
2025-08-25;"Hasselt";"University of Antwerpen Laboratory for Microbiology, Parasitology and Hygiene (LMPH)";662.17;69586;2976.86;"SARS";NA;NA;NA
2025-08-25;"Leuven";"Sciensano Foodborne Pathogens";1192.63;120939;74311.04;"SARS";20.325;481039957333.862;0.000273512522500022
2025-08-25;"Liedekerke";"Sciensano Foodborne Pathogens";594.83;101075;118708.75;"SARS";15.055;212638115854.563;0.000126823001674266
2025-08-25;"Liège Oupeye";"Sciensano Foodborne Pathogens";2990.83;253780;66986.06;"SARS";13.97;395131800141.855;0.000208550853714937
2025-08-25;"Liège Sclessin";"Sciensano Foodborne Pathogens";1106.25;142240;41588.82;"SARS";21.205;395804801743.532;0.000509872605185721
2025-08-25;"Marche-en-Famenne";"Sciensano Foodborne Pathogens";133.33;8633;17592.12;"SARS";NA;NA;NA
2025-08-25;"Marchienne-au-Pont";"Sciensano Foodborne Pathogens";704;52017;46928.16;"SARS";NA;NA;NA
2025-08-25;"Mechelen-Noord";"University of Antwerpen Laboratory for Microbiology, Parasitology and Hygiene (LMPH)";704.71;98143;23670.86;"SARS";NA;NA;NA
2025-08-25;"Montignies-sur-Sambre";"Sciensano Foodborne Pathogens";1468;123576;50488.18;"SARS";11.19;319031268207.419;0.000221636034414392
2025-08-25;"Mornimont";"Sciensano Foodborne Pathogens";253.33;34139;65656.94;"SARS";14.47;257700701250.769;0.000220387974218719
2025-08-25;"Namur-Brumagne";"Sciensano Foodborne Pathogens";698.54;82175;51823.04;"SARS";17.845;364065361971.402;0.00034434490913694
2025-08-25;"Oostende";"Sciensano Foodborne Pathogens";1240.83;135491;92017.34;"SARS";34.685;762350654434.612;0.000376939824602624
2025-08-25;"Roselies";"Sciensano Foodborne Pathogens";966;96890;39610.12;"SARS";NA;NA;NA
2025-08-25;"Tessenderlo";"University of Antwerpen Laboratory for Microbiology, Parasitology and Hygiene (LMPH)";317.54;45125;6980.77;"SARS";NA;NA;NA
2025-08-25;"Vallée du Hain (l'Orchis)";"Sciensano Foodborne Pathogens";386;57826;25441.42;"SARS";NA;NA;NA
2025-08-25;"Wasmuel";"Sciensano Foodborne Pathogens";1304.81;157343;33419.57;"SARS";8.92;177531714026.045;0.000266909478488203
2025-09-01;"Aalst";"Sciensano Foodborne Pathogens";600.33;98357;7066.88;"SARS";93.42;1368471879378.18;0.0132194122441587
2025-09-01;"Antwerpen-Noord";"Sciensano Foodborne Pathogens";476.17;73974;12439.52;"SARS";NA;NA;NA
2025-09-01;"Antwerpen-Zuid";"Sciensano Foodborne Pathogens";1570.71;178677;10212.38;"SARS";NA;NA;NA
2025-09-01;"Arlon";"Sciensano Foodborne Pathogens";560.58;19440;3999.45;"SARS";NA;NA;NA
2025-09-01;"Basse Wavre (Dyle)";"Sciensano Foodborne Pathogens";961.54;78290;15915.9;"SARS";14.9;439196198748.244;0.000936170747491502
2025-09-01;"Brugge";"Sciensano Foodborne Pathogens";1596.42;180586;2185.64;"SARS";NA;NA;NA
2025-09-01;"Brussels-North";"Sciensano Foodborne Pathogens";12529.17;1080145;17921.9;"SARS";65.02;1810082831619.83;0.0036279635529715
2025-09-01;"Brussels-South";"Sciensano Foodborne Pathogens";2366;249307;20640.44;"SARS";59.54;1356126927843.98;0.00288462842846373
2025-09-01;"Dendermonde";"Sciensano Foodborne Pathogens";551.08;69500;21664.73;"SARS";10.52;200196659568.345;0.00048558186508671
2025-09-01;"Deurne";"Sciensano Foodborne Pathogens";1573.04;215592;17504.76;"SARS";11.53;201905278860.069;0.000658677982445918
2025-09-01;"Genk";"Sciensano Foodborne Pathogens";1818.54;68582;43060.84;"SARS";NA;NA;NA
2025-09-01;"Gent";"Sciensano Foodborne Pathogens";1603.79;220130;12104.27;"SARS";28.23;493617317403.353;0.00233223482291786
2025-09-01;"Grimbergen";"Sciensano Foodborne Pathogens";745.67;107643;18540.52;"SARS";15.02;249713517460.494;0.000810117515582087
2025-09-01;"Harelbeke";"Sciensano Foodborne Pathogens";1269.71;107894;6336.33;"SARS";NA;NA;NA
2025-09-01;"Hasselt";"Sciensano Foodborne Pathogens";1045.75;69586;42391.44;"SARS";9.46;341199494151.122;0.000223158260252542
2025-09-01;"Liedekerke";"Sciensano Foodborne Pathogens";717.08;101075;9230.13;"SARS";NA;NA;NA
2025-09-01;"Liège Oupeye";"Sciensano Foodborne Pathogens";3121.25;253780;12905.8;"SARS";9.46;279237370951.218;0.000733003765748733
2025-09-01;"Liège Sclessin";"Sciensano Foodborne Pathogens";1157.92;142240;4982.8;"SARS";9.22;180135361079.865;0.0018503652564823
2025-09-01;"Marche-en-Famenne";"Sciensano Foodborne Pathogens";148.46;8633;13423.96;"SARS";NA;NA;NA
2025-09-01;"Marchienne-au-Pont";"Sciensano Foodborne Pathogens";837;52017;6395.84;"SARS";NA;NA;NA
2025-09-01;"Mechelen-Noord";"Sciensano Foodborne Pathogens";844.92;98143;19022.09;"SARS";NA;NA;NA
2025-09-01;"Montignies-sur-Sambre";"Sciensano Foodborne Pathogens";1817;123576;10759.48;"SARS";NA;NA;NA
2025-09-01;"Mornimont";"Sciensano Foodborne Pathogens";312.92;34139;5252.52;"SARS";NA;NA;NA
2025-09-01;"Namur-Brumagne";"Sciensano Foodborne Pathogens";780.13;82175;9712.79;"SARS";8.41;191617206206.267;0.000865868612417235
2025-09-01;"Oostende";"Sciensano Foodborne Pathogens";1219.75;135491;6681.95;"SARS";NA;NA;NA
2025-09-01;"Roselies";"Sciensano Foodborne Pathogens";1150;96890;2875.24;"SARS";NA;NA;NA
2025-09-01;"Tessenderlo";"Sciensano Foodborne Pathogens";317.25;45125;23801.78;"SARS";9.98;168393839335.18;0.000419296371952014
2025-09-01;"Vallée du Hain (l'Orchis)";"Sciensano Foodborne Pathogens";550;57826;3591.59;"SARS";NA;NA;NA
2025-09-01;"Wasmuel";"Sciensano Foodborne Pathogens";1061.15;157343;6713.07;"SARS";8.45;136772033074.239;0.00125873855032049
2025-09-08;"Aalst";"Sciensano Foodborne Pathogens";589.63;98357;9492.21;"SARS";12.685;182505522941.936;0.00133635897225198
2025-09-08;"Antwerpen-Noord";"University of Antwerpen Laboratory for Microbiology, Parasitology and Hygiene (LMPH)";477.83;73974;17196.56;"SARS";13.06;202464426960.824;0.00075945421642468
2025-09-08;"Antwerpen-Zuid";"University of Antwerpen Laboratory for Microbiology, Parasitology and Hygiene (LMPH)";1569.71;178677;17763.92;"SARS";18.285;385528935677.228;0.00102933361555332
2025-09-08;"Arlon";"Sciensano Foodborne Pathogens";700.13;19440;12920;"SARS";21.84;1887757925925.93;0.00169040247678019
2025-09-08;"Basse Wavre (Dyle)";"Sciensano Foodborne Pathogens";892.38;78290;14975.69;"SARS";26.335;720423879422.659;0.00175851663596135
2025-09-08;"Brugge";"Sciensano Foodborne Pathogens";1404.04;180586;9834.01;"SARS";40.63;758147079397.074;0.00413158009804749
2025-09-08;"Brussels-North";"Sciensano Foodborne Pathogens";10204.17;1080145;7478.56;"SARS";11.005;249515146614.575;0.00147153997561028
2025-09-08;"Brussels-South";"Sciensano Foodborne Pathogens";3163;249307;12045.31;"SARS";15.725;478813751719.767;0.00130548736396158
2025-09-08;"Dendermonde";"University of Antwerpen Laboratory for Microbiology, Parasitology and Hygiene (LMPH)";507.75;69500;3105.7;"SARS";NA;NA;NA
2025-09-08;"Deurne";"University of Antwerpen Laboratory for Microbiology, Parasitology and Hygiene (LMPH)";1581.92;215592;10607.79;"SARS";12.5;220126906378.715;0.00117837928541195
2025-09-08;"Genk";"University of Antwerpen Laboratory for Microbiology, Parasitology and Hygiene (LMPH)";1117.13;68582;13445.5;"SARS";NA;NA;NA
2025-09-08;"Gent";"Sciensano Foodborne Pathogens";1335.88;220130;7364.99;"SARS";NA;NA;NA
2025-09-08;"Grimbergen";"Sciensano Foodborne Pathogens";661.17;107643;12691.22;"SARS";16.985;250382596917.589;0.00133832681176435
2025-09-08;"Harelbeke";"Sciensano Foodborne Pathogens";746.38;107894;4224.95;"SARS";13.74;228118587502.549;0.00325210949242003
2025-09-08;"Hasselt";"University of Antwerpen Laboratory for Microbiology, Parasitology and Hygiene (LMPH)";696.5;69586;10093.5;"SARS";NA;NA;NA
2025-09-08;"Leuven";"Sciensano Foodborne Pathogens";1025.08;120939;12276.26;"SARS";18.44;375114235110.262;0.00150208614024141
2025-09-08;"Liedekerke";"Sciensano Foodborne Pathogens";591.92;101075;8554.18;"SARS";9.46;132960194706.901;0.00110589209018281
2025-09-08;"Liège Oupeye";"Sciensano Foodborne Pathogens";4400.83;253780;6185.09;"SARS";NA;NA;NA
2025-09-08;"Liège Sclessin";"Sciensano Foodborne Pathogens";2950.83;142240;16454.8;"SARS";41.3;2056287047244.09;0.00250990592410725
2025-09-08;"Marche-en-Famenne";"Sciensano Foodborne Pathogens";512.13;8633;5581.76;"SARS";10.74;1529093348777.95;0.00192412429054635
2025-09-08;"Marchienne-au-Pont";"Sciensano Foodborne Pathogens";689;52017;17070.69;"SARS";15.585;495441028894.4;0.00091296836858967
2025-09-08;"Mechelen-Noord";"University of Antwerpen Laboratory for Microbiology, Parasitology and Hygiene (LMPH)";707.58;98143;10563.49;"SARS";NA;NA;NA
2025-09-08;"Montignies-sur-Sambre";"Sciensano Foodborne Pathogens";1427;123576;6077.53;"SARS";NA;NA;NA
2025-09-08;"Mornimont";"Sciensano Foodborne Pathogens";249.58;34139;4088.99;"SARS";NA;NA;NA
2025-09-08;"Namur-Brumagne";"Sciensano Foodborne Pathogens";617.92;82175;14142.49;"SARS";21.39;386024230240.341;0.00151246350536575
2025-09-08;"Oostende";"Sciensano Foodborne Pathogens";1175.13;135491;4843.02;"SARS";15.035;312960941464.747;0.00310446787335175
2025-09-08;"Roselies";"Sciensano Foodborne Pathogens";941;96890;9924.64;"SARS";15.29;356393188151.512;0.00154061003724065
2025-09-08;"Tessenderlo";"University of Antwerpen Laboratory for Microbiology, Parasitology and Hygiene (LMPH)";347.88;45125;22160.99;"SARS";9.945;184004428587.258;0.000448761539985353
2025-09-08;"Vallée du Hain (l'Orchis)";"Sciensano Foodborne Pathogens";398;57826;24701.04;"SARS";19.69;325249680074.707;0.000797132428432163
2025-09-08;"Wasmuel";"Sciensano Foodborne Pathogens";1219.68;157343;11033.02;"SARS";10.74;199808518205.449;0.000973441541844391
2025-09-15;"Aalst";"Sciensano Foodborne Pathogens";3524.75;98357;16812.98;"SARS";65.96;5673028091544.07;0.0039231593685355
2025-09-15;"Antwerpen-Noord";"University of Antwerpen Laboratory for Microbiology, Parasitology and Hygiene (LMPH)";1702.96;73974;7707.14;"SARS";NA;NA;NA
2025-09-15;"Antwerpen-Zuid";"University of Antwerpen Laboratory for Microbiology, Parasitology and Hygiene (LMPH)";5332.08;178677;13456.81;"SARS";10.38;743424038684.33;0.000771356658821816
2025-09-15;"Arlon";"Sciensano Foodborne Pathogens";679.67;19440;7316.95;"SARS";8.64;724981333333.333;0.0011808198771346
2025-09-15;"Basse Wavre (Dyle)";"Sciensano Foodborne Pathogens";836.08;78290;17168.42;"SARS";35.52;910386356367.352;0.00206891490306039
2025-09-15;"Brugge";"Sciensano Foodborne Pathogens";4829.88;180586;12727.81;"SARS";13.77;883888420143.311;0.0010818829005147
2025-09-15;"Brussels-North";"Sciensano Foodborne Pathogens";15429.38;1080145;16984.97;"SARS";36.045;1235727430150.58;0.00212217036591763
2025-09-15;"Brussels-South";"Sciensano Foodborne Pathogens";3163;249307;11843.29;"SARS";48.385;1473284793447.44;0.00408543571929759
2025-09-15;"Dendermonde";"University of Antwerpen Laboratory for Microbiology, Parasitology and Hygiene (LMPH)";2539.08;69500;2226.71;"SARS";NA;NA;NA
2025-09-15;"Deurne";"University of Antwerpen Laboratory for Microbiology, Parasitology and Hygiene (LMPH)";6247.29;215592;3967.2;"SARS";NA;NA;NA
2025-09-15;"Genk";"University of Antwerpen Laboratory for Microbiology, Parasitology and Hygiene (LMPH)";1887.67;68582;1548.51;"SARS";NA;NA;NA
2025-09-15;"Gent";"Sciensano Foodborne Pathogens";5448.04;220130;4737.1;"SARS";8.9;528642776541.135;0.00187878659939625
2025-09-15;"Grimbergen";"Sciensano Foodborne Pathogens";2906.25;107643;14969.14;"SARS";100.49;6511503302583.54;0.00671314450930381
2025-09-15;"Harelbeke";"Sciensano Foodborne Pathogens";2419.67;107894;3813.81;"SARS";13.745;739800859732.701;0.00360400754101542
2025-09-15;"Hasselt";"University of Antwerpen Laboratory for Microbiology, Parasitology and Hygiene (LMPH)";1488.63;69586;2939.75;"SARS";NA;NA;NA
2025-09-15;"Leuven";"Sciensano Foodborne Pathogens";1639.5;120939;12432.42;"SARS";41.99;1366161883263.46;0.00337745989919903
2025-09-15;"Liedekerke";"Sciensano Foodborne Pathogens";2812.96;101075;7979.24;"SARS";NA;NA;NA
2025-09-15;"Liège Oupeye";"Sciensano Foodborne Pathogens";4136.5;253780;14814.07;"SARS";11.8;461603278430.136;0.000796540046050815
2025-09-15;"Liège Sclessin";"Sciensano Foodborne Pathogens";1665;142240;20771.48;"SARS";90.69;2547787120359.96;0.00436608272496712
2025-09-15;"Marche-en-Famenne";"Sciensano Foodborne Pathogens";278.71;8633;4954.95;"SARS";8.64;669446375535.735;0.00174371083461993
2025-09-15;"Marchienne-au-Pont";"Sciensano Foodborne Pathogens";953;52017;6405.13;"SARS";NA;NA;NA
2025-09-15;"Mechelen-Noord";"University of Antwerpen Laboratory for Microbiology, Parasitology and Hygiene (LMPH)";2319.13;98143;3447.81;"SARS";NA;NA;NA
2025-09-15;"Montignies-sur-Sambre";"Sciensano Foodborne Pathogens";2093;123576;9143.86;"SARS";NA;NA;NA
2025-09-15;"Mornimont";"Sciensano Foodborne Pathogens";438.75;34139;14441.15;"SARS";14.44;445394416942.5;0.00099992036645281
2025-09-15;"Namur-Brumagne";"Sciensano Foodborne Pathogens";916.46;82175;13344.79;"SARS";52.8;1413249908122.91;0.00395660029119979
2025-09-15;"Oostende";"Sciensano Foodborne Pathogens";3255.33;135491;5916.46;"SARS";10.585;610360860278.542;0.0017890765761959
2025-09-15;"Roselies";"Sciensano Foodborne Pathogens";1382;96890;9826.36;"SARS";11.415;390765527918.258;0.00116167125975437
2025-09-15;"Tessenderlo";"University of Antwerpen Laboratory for Microbiology, Parasitology and Hygiene (LMPH)";1172.58;45125;3686.44;"SARS";NA;NA;NA
2025-09-15;"Vallée du Hain (l'Orchis)";"Sciensano Foodborne Pathogens";639;57826;18396.92;"SARS";24.275;643795870369.73;0.00131951435348961
2025-09-15;"Wasmuel";"Sciensano Foodborne Pathogens";930.11;157343;16644.81;"SARS";18.6;263882793641.916;0.0011174654441835
2025-09-22;"Aalst";"Sciensano Foodborne Pathogens";626.46;98357;5399.94;"SARS";15.485;236706685238.468;0.00286762445508654
2025-09-22;"Antwerpen-Noord";"University of Antwerpen Laboratory for Microbiology, Parasitology and Hygiene (LMPH)";457.33;73974;12154.98;"SARS";19.8;293783242760.97;0.00162896195633395
2025-09-22;"Antwerpen-Zuid";"University of Antwerpen Laboratory for Microbiology, Parasitology and Hygiene (LMPH)";1622.13;178677;18940.26;"SARS";30.86;672394523749.559;0.00162933349383799
2025-09-22;"Arlon";"Sciensano Foodborne Pathogens";560.58;19440;9330.59;"SARS";42.335;2929895592592.59;0.00453722647763968
2025-09-22;"Basse Wavre (Dyle)";"Sciensano Foodborne Pathogens";789.63;78290;17753.74;"SARS";32.475;786099913143.441;0.0018291920462956
2025-09-22;"Brugge";"Sciensano Foodborne Pathogens";2665.21;180586;6986.07;"SARS";12.3;435676072342.264;0.00176064654376495
2025-09-22;"Brussels-North";"Sciensano Foodborne Pathogens";10975;1080145;9497.12;"SARS";25.105;612200861921.316;0.00264343295651734
2025-09-22;"Brussels-South";"Sciensano Foodborne Pathogens";2035;249307;10918.91;"SARS";34.905;683799572414.734;0.00319674766070972
2025-09-22;"Dendermonde";"University of Antwerpen Laboratory for Microbiology, Parasitology and Hygiene (LMPH)";567.67;69500;2665.91;"SARS";NA;NA;NA
2025-09-22;"Deurne";"University of Antwerpen Laboratory for Microbiology, Parasitology and Hygiene (LMPH)";1679.38;215592;10474.42;"SARS";14.41;269396257375.042;0.0013757324987923
2025-09-22;"Genk";"University of Antwerpen Laboratory for Microbiology, Parasitology and Hygiene (LMPH)";1143.25;68582;7291.14;"SARS";22.6;904171356915.809;0.00309965245489731
2025-09-22;"Gent";"Sciensano Foodborne Pathogens";1448.71;220130;11091.99;"SARS";18.475;291808483169.037;0.00166561635919253
2025-09-22;"Grimbergen";"Sciensano Foodborne Pathogens";679.21;107643;11965.59;"SARS";12.95;196109796271.007;0.00108227007610991
2025-09-22;"Harelbeke";"Sciensano Foodborne Pathogens";807.88;107894;6052.41;"SARS";25.775;463190323836.358;0.00425863416391157
2025-09-22;"Hasselt";"University of Antwerpen Laboratory for Microbiology, Parasitology and Hygiene (LMPH)";756.13;69586;6456.59;"SARS";22.76;593551075216.279;0.00352508057658919
2025-09-22;"Leuven";"Sciensano Foodborne Pathogens";1109.04;120939;10738.18;"SARS";29.71;653874996155.086;0.00276676308275704
2025-09-22;"Liedekerke";"Sciensano Foodborne Pathogens";631.79;101075;9469.28;"SARS";NA;NA;NA
2025-09-22;"Liège Oupeye";"Sciensano Foodborne Pathogens";2785.42;253780;10924.91;"SARS";NA;NA;NA
2025-09-22;"Liège Sclessin";"Sciensano Foodborne Pathogens";1168.75;142240;9055.96;"SARS";37.065;730928887795.276;0.00409288468588642
2025-09-22;"Marche-en-Famenne";"Sciensano Foodborne Pathogens";NA;8633;1800.71;"SARS";NA;NA;NA
2025-09-22;"Marchienne-au-Pont";"Sciensano Foodborne Pathogens";694;52017;14018.55;"SARS";26.455;847097064421.247;0.00188714239347151
2025-09-22;"Mechelen-Noord";"University of Antwerpen Laboratory for Microbiology, Parasitology and Hygiene (LMPH)";712.21;98143;9170.32;"SARS";8.19;142640837960.935;0.000893098605065036
2025-09-22;"Montignies-sur-Sambre";"Sciensano Foodborne Pathogens";1435;123576;16376.72;"SARS";18.3;510011652748.106;0.00111743987807082
2025-09-22;"Mornimont";"Sciensano Foodborne Pathogens";238.75;34139;22608.77;"SARS";24.475;410796303348.077;0.00108254451701707
2025-09-22;"Namur-Brumagne";"Sciensano Foodborne Pathogens";752.42;82175;7245.42;"SARS";20.68;454446114268.33;0.00285421687079562
2025-09-22;"Oostende";"Sciensano Foodborne Pathogens";2773.54;135491;5770.67;"SARS";29.835;1465754612188.26;0.00517011022983466
2025-09-22;"Roselies";"Sciensano Foodborne Pathogens";925;96890;11459.45;"SARS";17.635;404063370832.903;0.00153890457220896
2025-09-22;"Tessenderlo";"University of Antwerpen Laboratory for Microbiology, Parasitology and Hygiene (LMPH)";341.42;45125;13138.71;"SARS";40.77;740327183601.108;0.00310304436280274
2025-09-22;"Vallée du Hain (l'Orchis)";"Sciensano Foodborne Pathogens";407;57826;988.81;"SARS";NA;NA;NA
2025-09-22;"Wasmuel";"Sciensano Foodborne Pathogens";850.14;157343;8660.65;"SARS";14.08;182581563081.929;0.00162574402614123
2025-09-29;"Aalst";"Sciensano Foodborne Pathogens";580.54;98357;8310.12;"SARS";20.905;296134010594.06;0.00251560747618566
2025-09-29;"Antwerpen-Noord";"University of Antwerpen Laboratory for Microbiology, Parasitology and Hygiene (LMPH)";429.25;73974;7285.04;"SARS";32.165;447946346013.464;0.00441521254516104
2025-09-29;"Antwerpen-Zuid";"University of Antwerpen Laboratory for Microbiology, Parasitology and Hygiene (LMPH)";1634.21;178677;21713.87;"SARS";28.37;622744340234.054;0.0013065381712242
2025-09-29;"Arlon";"Sciensano Foodborne Pathogens";546.38;19440;14685.76;"SARS";27.055;1824976654320.99;0.001842260802301
2025-09-29;"Basse Wavre (Dyle)";"Sciensano Foodborne Pathogens";801;78290;9367.18;"SARS";18.895;463964082258.271;0.00201714923808446
2025-09-29;"Brugge";"Sciensano Foodborne Pathogens";1394.25;180586;7470.37;"SARS";33.59;622411803794.314;0.00449643056501887
2025-09-29;"Brussels-North";"Sciensano Foodborne Pathogens";10870.83;1080145;15403.75;"SARS";40.92;988388107744.794;0.00265649598312099
2025-09-29;"Brussels-South";"Sciensano Foodborne Pathogens";1948;249307;12681.94;"SARS";57.92;1086161174776.48;0.00456712458819392
2025-09-29;"Dendermonde";"University of Antwerpen Laboratory for Microbiology, Parasitology and Hygiene (LMPH)";519.25;69500;4227.59;"SARS";13.97;250495165467.626;0.00330448316889765
2025-09-29;"Deurne";"University of Antwerpen Laboratory for Microbiology, Parasitology and Hygiene (LMPH)";1610.96;215592;13704.22;"SARS";21.385;383506396526.773;0.00156046823533189
2025-09-29;"Genk";"University of Antwerpen Laboratory for Microbiology, Parasitology and Hygiene (LMPH)";1121.33;68582;8455.05;"SARS";33.295;1306512461578.84;0.00393788327685821
2025-09-29;"Gent";"Sciensano Foodborne Pathogens";1437.79;220130;9384.65;"SARS";NA;NA;NA
2025-09-29;"Grimbergen";"Sciensano Foodborne Pathogens";660.88;107643;9143.32;"SARS";18.85;277753418243.639;0.00206161438077197
2025-09-29;"Harelbeke";"Sciensano Foodborne Pathogens";786.92;107894;7093.63;"SARS";25.38;444258911895.008;0.00357785788094389
2025-09-29;"Hasselt";"University of Antwerpen Laboratory for Microbiology, Parasitology and Hygiene (LMPH)";730.92;69586;5832.19;"SARS";29.95;755015802029.144;0.0051352922315631
2025-09-29;"Leuven";"Sciensano Foodborne Pathogens";NA;120939;4238.6;"SARS";10.98;NA;0.00259047798801491
2025-09-29;"Liedekerke";"Sciensano Foodborne Pathogens";643.88;101075;9313.12;"SARS";24.87;380231604650.012;0.00267042623739413
2025-09-29;"Liège Oupeye";"Sciensano Foodborne Pathogens";1094.17;253780;13097.99;"SARS";NA;NA;NA
2025-09-29;"Liège Sclessin";"Sciensano Foodborne Pathogens";2752.5;142240;13676.21;"SARS";34.39;1597162120359.96;0.00251458554672676
2025-09-29;"Marche-en-Famenne";"Sciensano Foodborne Pathogens";198.13;8633;3449.63;"SARS";8.38;461576573612.881;0.00242924603508202
2025-09-29;"Marchienne-au-Pont";"Sciensano Foodborne Pathogens";681;52017;9446.89;"SARS";24.21;760690235884.422;0.00256274816368138
2025-09-29;"Mechelen-Noord";"University of Antwerpen Laboratory for Microbiology, Parasitology and Hygiene (LMPH)";680.42;98143;12151.35;"SARS";20.28;337440288558.532;0.00166895036353985
2025-09-29;"Montignies-sur-Sambre";"Sciensano Foodborne Pathogens";1403;123576;12355.43;"SARS";29.39;800818993979.413;0.00237871122251512
2025-09-29;"Mornimont";"Sciensano Foodborne Pathogens";237.5;34139;13348.61;"SARS";15.305;255539119482.117;0.00114656132735918
2025-09-29;"Namur-Brumagne";"Sciensano Foodborne Pathogens";800.96;82175;10210.75;"SARS";54.22;1268358051475.51;0.00531008985627892
2025-09-29;"Oostende";"Sciensano Foodborne Pathogens";1191.54;135491;5710.61;"SARS";41.395;873689882870.449;0.00724878778274125
2025-09-29;"Roselies";"Sciensano Foodborne Pathogens";969;96890;15954.67;"SARS";22.845;548336587883.167;0.00143186916432618
2025-09-29;"Vallée du Hain (l'Orchis)";"Sciensano Foodborne Pathogens";403;57826;15257.97;"SARS";41.1;687440251789.852;0.00269367419125873
2025-09-29;"Wasmuel";"Sciensano Foodborne Pathogens";997.42;157343;14873.04;"SARS";22.145;336912847473.354;0.00148893568497093
2025-10-06;"Aalst";"Sciensano Foodborne Pathogens";626.58;98357;7864.04;"SARS";17.07;260985282593.003;0.00217064002726334
2025-10-06;"Antwerpen-Noord";"University of Antwerpen Laboratory for Microbiology, Parasitology and Hygiene (LMPH)";605.21;73974;793.06;"SARS";8.53;167489376267.337;0.0107558066224498
2025-10-06;"Antwerpen-Zuid";"University of Antwerpen Laboratory for Microbiology, Parasitology and Hygiene (LMPH)";1707.71;178677;1989.32;"SARS";10.62;243602212260.112;0.0053385076307482
2025-10-06;"Arlon";"Sciensano Foodborne Pathogens";478.58;19440;9419.59;"SARS";30.05;1775472716049.38;0.00319016008127742
2025-10-06;"Basse Wavre (Dyle)";"Sciensano Foodborne Pathogens";786.25;78290;22672.65;"SARS";41.035;989054093753.992;0.00180988988936009
2025-10-06;"Brugge";"Sciensano Foodborne Pathogens";1505.75;180586;7487.3;"SARS";18.63;372814581418.272;0.00248821337464774
2025-10-06;"Brussels-North";"Sciensano Foodborne Pathogens";11004.17;1080145;14240.23;"SARS";25.525;624097185285.309;0.00179245700385457
2025-10-06;"Brussels-South";"Sciensano Foodborne Pathogens";2041;249307;12056.77;"SARS";36.06;708509203512.136;0.00299085078341878
2025-10-06;"Dendermonde";"University of Antwerpen Laboratory for Microbiology, Parasitology and Hygiene (LMPH)";659.58;69500;5509.04;"SARS";9.85;224352103597.122;0.00178797031787753
2025-10-06;"Deurne";"University of Antwerpen Laboratory for Microbiology, Parasitology and Hygiene (LMPH)";1666.92;215592;10202.01;"SARS";16.36;303582446844.039;0.0016036055640016
2025-10-06;"Genk";"University of Antwerpen Laboratory for Microbiology, Parasitology and Hygiene (LMPH)";1287.33;68582;10653.06;"SARS";23.19;1044700336531.45;0.00217683933067119
2025-10-06;"Gent";"Sciensano Foodborne Pathogens";1465.13;220130;7161.34;"SARS";21.48;343117166038.25;0.00299943865254268
2025-10-06;"Grimbergen";"Sciensano Foodborne Pathogens";733.92;107643;9033.02;"SARS";24.675;403767475822.859;0.00273164456626909
2025-10-06;"Harelbeke";"Sciensano Foodborne Pathogens";787.04;107894;6428.6;"SARS";12.865;225227047287.152;0.00200121332794076
2025-10-06;"Hasselt";"University of Antwerpen Laboratory for Microbiology, Parasitology and Hygiene (LMPH)";998.96;69586;6444.91;"SARS";27.415;944551664990.084;0.00425374442777323
2025-10-06;"Leuven";"Sciensano Foodborne Pathogens";1174.04;120939;7789.78;"SARS";27.17;633019954853.273;0.00348790338109677
2025-10-06;"Liedekerke";"Sciensano Foodborne Pathogens";683.25;101075;8499.04;"SARS";16.16;262173316843.928;0.0019013912159491
2025-10-06;"Liège Oupeye";"Sciensano Foodborne Pathogens";3036.13;253780;NA;"SARS";NA;NA;NA
2025-10-06;"Liège Sclessin";"Sciensano Foodborne Pathogens";1172.08;142240;13983.06;"SARS";41.74;825466015748.031;0.00298504047039775
2025-10-06;"Marche-en-Famenne";"Sciensano Foodborne Pathogens";650.58;8633;8889.97;"SARS";23.805;4305448460558.32;0.00267773682025924
2025-10-06;"Marchienne-au-Pont";"Sciensano Foodborne Pathogens";684;52017;8104.82;"SARS";NA;NA;NA
2025-10-06;"Mechelen-Noord";"University of Antwerpen Laboratory for Microbiology, Parasitology and Hygiene (LMPH)";827.92;98143;2826.1;"SARS";12.95;262186336264.43;0.00458228654329288
2025-10-06;"Montignies-sur-Sambre";"Sciensano Foodborne Pathogens";1588;123576;11736.82;"SARS";12.45;383969702854.923;0.00106076432969067
2025-10-06;"Mornimont";"Sciensano Foodborne Pathogens";256.67;34139;13711.15;"SARS";23.45;423134467910.601;0.00171028688330301
2025-10-06;"Namur-Brumagne";"Sciensano Foodborne Pathogens";750.08;82175;8842.47;"SARS";29.995;657094725159.72;0.00339215174040737
2025-10-06;"Oostende";"Sciensano Foodborne Pathogens";1276.29;135491;5761.39;"SARS";26.06;589148222095.933;0.0045232140160621
2025-10-06;"Roselies";"Sciensano Foodborne Pathogens";979;96890;22152.31;"SARS";21.03;509981298379.606;0.000949336660601084
2025-10-06;"Tessenderlo";"University of Antwerpen Laboratory for Microbiology, Parasitology and Hygiene (LMPH)";620.75;45125;3860.21;"SARS";NA;NA;NA
2025-10-06;"Vallée du Hain (l'Orchis)";"Sciensano Foodborne Pathogens";404;57826;10728.35;"SARS";24.145;404852350153.91;0.00225057907320324
2025-10-06;"Wasmuel";"Sciensano Foodborne Pathogens";1095.02;157343;13414.13;"SARS";25.375;423830218058.636;0.0018916620011883
2025-10-13;"Aalst";"Sciensano Foodborne Pathogens";591.5;98357;6194.37;"SARS";25.915;374034730624.155;0.00418363772264169
2025-10-13;"Arlon";"Sciensano Foodborne Pathogens";377.13;19440;NA;"SARS";NA;NA;NA
2025-10-13;"Basse Wavre (Dyle)";"Sciensano Foodborne Pathogens";465.75;78290;12255.52;"SARS";29.51;421334499936.135;0.00240789456506129
2025-10-13;"Brugge";"Sciensano Foodborne Pathogens";1427.08;180586;11135.67;"SARS";28.82;546599788687.938;0.00258807956773144
2025-10-13;"Brussels-North";"Sciensano Foodborne Pathogens";10975;1080145;5419.05;"SARS";8.11;197767336792.745;0.0014965722774287
2025-10-13;"Brussels-South";"Sciensano Foodborne Pathogens";1980;249307;11755.93;"SARS";35.185;670655537148.977;0.00299295759671927
2025-10-13;"Dendermonde";"University of Antwerpen Laboratory for Microbiology, Parasitology and Hygiene (LMPH)";470.96;69500;1375.28;"SARS";NA;NA;NA
2025-10-13;"Deurne";"University of Antwerpen Laboratory for Microbiology, Parasitology and Hygiene (LMPH)";1667.29;215592;11628.29;"SARS";25.35;470508755426.917;0.00218002818987143
2025-10-13;"Genk";"University of Antwerpen Laboratory for Microbiology, Parasitology and Hygiene (LMPH)";1158.42;68582;5206.15;"SARS";25.72;1042648942288.06;0.00494031097836213
2025-10-13;"Gent";"Sciensano Foodborne Pathogens";1592.67;220130;10875.77;"SARS";33.255;577450497615.046;0.00305771453423528
2025-10-13;"Grimbergen";"Sciensano Foodborne Pathogens";724.54;107643;6781.32;"SARS";15.425;249179889077.785;0.0022746308978193
2025-10-13;"Harelbeke";"Sciensano Foodborne Pathogens";849;107894;6288.28;"SARS";33.83;638886388492.409;0.0053798494977959
2025-10-13;"Hasselt";"University of Antwerpen Laboratory for Microbiology, Parasitology and Hygiene (LMPH)";771.29;69586;5525.06;"SARS";20.66;549588183830.081;0.00373932590777295
2025-10-13;"Leuven";"Sciensano Foodborne Pathogens";1154.42;120939;5887.52;"SARS";19.96;457266354773.894;0.00339022202896975
2025-10-13;"Liedekerke";"Sciensano Foodborne Pathogens";895.21;101075;7805.62;"SARS";15.1;320973637397.972;0.00193450360125141
2025-10-13;"Liège Oupeye";"Sciensano Foodborne Pathogens";2874.17;253780;2316.13;"SARS";NA;NA;NA
2025-10-13;"Liège Sclessin";"Sciensano Foodborne Pathogens";1039.58;142240;11326.22;"SARS";25.205;442113845331.833;0.00222536733349697
2025-10-13;"Marche-en-Famenne";"Sciensano Foodborne Pathogens";173.63;8633;4426.42;"SARS";8.63;416567191011.236;0.0019496568332874
2025-10-13;"Marchienne-au-Pont";"Sciensano Foodborne Pathogens";685;52017;8152.33;"SARS";17.88;565098333237.211;0.00219323800680296
2025-10-13;"Montignies-sur-Sambre";"Sciensano Foodborne Pathogens";1433;123576;3055.96;"SARS";NA;NA;NA
2025-10-13;"Mornimont";"Sciensano Foodborne Pathogens";242.5;34139;7674.03;"SARS";10.195;173803860687.191;0.00132850666468596
2025-10-13;"Namur-Brumagne";"Sciensano Foodborne Pathogens";683.21;82175;7158.61;"SARS";23.95;477893651353.818;0.00334562156619791
2025-10-13;"Oostende";"Sciensano Foodborne Pathogens";1240.71;135491;4603.87;"SARS";18.04;396467515628.344;0.00391844252769952
2025-10-13;"Roselies";"Sciensano Foodborne Pathogens";932;96890;8734.91;"SARS";NA;NA;NA
2025-10-13;"Tessenderlo";"University of Antwerpen Laboratory for Microbiology, Parasitology and Hygiene (LMPH)";324.67;45125;6929.84;"SARS";13.575;234409941274.238;0.00195891968645741
2025-10-13;"Vallée du Hain (l'Orchis)";"Sciensano Foodborne Pathogens";407;57826;9094.18;"SARS";24.895;420527721094.317;0.00273746506007139
2025-10-13;"Wasmuel";"Sciensano Foodborne Pathogens";915.03;157343;12042.03;"SARS";23.2;323807671138.85;0.0019265854677326
2025-10-20;"Aalst";"Sciensano Foodborne Pathogens";1306.08;98357;6899.8;"SARS";34.695;1105713568327.62;0.00502840662048175
2025-10-20;"Antwerpen-Noord";"University of Antwerpen Laboratory for Microbiology, Parasitology and Hygiene (LMPH)";994.13;73974;9837.55;"SARS";15.43;497669750993.592;0.00156847995689984
2025-10-20;"Antwerpen-Zuid";"University of Antwerpen Laboratory for Microbiology, Parasitology and Hygiene (LMPH)";2839;178677;19996.25;"SARS";64.44;2457330176799.48;0.00322260423829468
2025-10-20;"Arlon";"Sciensano Foodborne Pathogens";927.25;19440;4384.38;"SARS";NA;NA;NA
2025-10-20;"Basse Wavre (Dyle)";"Sciensano Foodborne Pathogens";780.46;78290;7831.28;"SARS";13.335;319042557670.201;0.00170278677304349
2025-10-20;"Brugge";"Sciensano Foodborne Pathogens";2219.67;180586;4998.08;"SARS";11.15;328920122268.614;0.0022308566489532
2025-10-20;"Brussels-North";"Sciensano Foodborne Pathogens";25577.71;1080145;15979.24;"SARS";14.56;827469921390.184;0.000911182258981028
2025-10-20;"Brussels-South";"Sciensano Foodborne Pathogens";4099;249307;14358.16;"SARS";27.5;1085144019221.28;0.00191528719557381
2025-10-20;"Dendermonde";"University of Antwerpen Laboratory for Microbiology, Parasitology and Hygiene (LMPH)";1314.83;69500;5074.06;"SARS";12.35;560741887769.784;0.00243394835693705
2025-10-20;"Deurne";"University of Antwerpen Laboratory for Microbiology, Parasitology and Hygiene (LMPH)";4081.08;215592;9943.15;"SARS";19.24;874095282199.71;0.00193500047771581
2025-10-20;"Genk";"University of Antwerpen Laboratory for Microbiology, Parasitology and Hygiene (LMPH)";1189.46;68582;8713.17;"SARS";20.135;838112989414.132;0.00231086963757163
2025-10-20;"Gent";"Sciensano Foodborne Pathogens";4119.46;220130;9871.13;"SARS";17.12;768910972970.518;0.00173435057587125
2025-10-20;"Grimbergen";"Sciensano Foodborne Pathogens";1807;107643;10323.77;"SARS";NA;NA;NA
2025-10-20;"Harelbeke";"Sciensano Foodborne Pathogens";2819.92;107894;NA;"SARS";NA;NA;NA
2025-10-20;"Hasselt";"University of Antwerpen Laboratory for Microbiology, Parasitology and Hygiene (LMPH)";1139.88;69586;6039.49;"SARS";23.08;907369772080.591;0.00382151473054844
2025-10-20;"Leuven";"Sciensano Foodborne Pathogens";1622.42;120939;2418.78;"SARS";8.38;269806357254.484;0.00346455651196058
2025-10-20;"Liedekerke";"Sciensano Foodborne Pathogens";1773.54;101075;5794.7;"SARS";26.84;1130292877961.91;0.00463181873090928
2025-10-20;"Liège Oupeye";"Sciensano Foodborne Pathogens";3958.54;253780;5945.39;"SARS";NA;NA;NA
2025-10-20;"Liège Sclessin";"Sciensano Foodborne Pathogens";2107.08;142240;8829.37;"SARS";13.005;462360664791.901;0.00147292502183055
2025-10-20;"Marche-en-Famenne";"Sciensano Foodborne Pathogens";358.42;8633;6849.57;"SARS";9.15;911722830997.336;0.00133585027965259
2025-10-20;"Marchienne-au-Pont";"Sciensano Foodborne Pathogens";1293;52017;5675.12;"SARS";11.83;705747274929.35;0.00208453741947307
2025-10-20;"Mechelen-Noord";"University of Antwerpen Laboratory for Microbiology, Parasitology and Hygiene (LMPH)";1396.04;98143;10802.98;"SARS";22.535;769320556331.068;0.00208599849300841
2025-10-20;"Montignies-sur-Sambre";"Sciensano Foodborne Pathogens";2496;123576;10073.15;"SARS";12.31;596732569430.957;0.00122206062651703
2025-10-20;"Mornimont";"Sciensano Foodborne Pathogens";352.5;34139;14478.28;"SARS";47.665;1181188376929.61;0.00329217282715903
2025-10-20;"Namur-Brumagne";"Sciensano Foodborne Pathogens";960.46;82175;6105.37;"SARS";17.005;477009960693.642;0.00278525298221074
2025-10-20;"Oostende";"Sciensano Foodborne Pathogens";2532.17;135491;1623.8;"SARS";NA;NA;NA
2025-10-20;"Roselies";"Sciensano Foodborne Pathogens";1493;96890;6502.86;"SARS";8.75;323593766126.535;0.0013455617989623
2025-10-20;"Tessenderlo";"University of Antwerpen Laboratory for Microbiology, Parasitology and Hygiene (LMPH)";633.71;45125;7765.42;"SARS";20.9;704418694736.842;0.00269141913766416
2025-10-20;"Vallée du Hain (l'Orchis)";"Sciensano Foodborne Pathogens";1018.75;57826;7079.98;"SARS";18.98;802512710545.429;0.00268079853332919
2025-10-20;"Wasmuel";"Sciensano Foodborne Pathogens";1466.15;157343;6602.78;"SARS";11.645;260424424346.809;0.00176365106818643
2025-10-27;"Aalst";"Sciensano Foodborne Pathogens";3664.92;98357;7185.91;"SARS";13.925;1245276151163.62;0.00193781998382947
2025-10-27;"Antwerpen-Noord";"University of Antwerpen Laboratory for Microbiology, Parasitology and Hygiene (LMPH)";1933.67;73974;14551.08;"SARS";19.835;1244361893097.57;0.00136312905983611
2025-10-27;"Antwerpen-Zuid";"University of Antwerpen Laboratory for Microbiology, Parasitology and Hygiene (LMPH)";4521.29;178677;23646.81;"SARS";25.305;1536778568478.32;0.0010701232005501
2025-10-27;"Arlon";"Sciensano Foodborne Pathogens";858.79;19440;3061.42;"SARS";NA;NA;NA
2025-10-27;"Basse Wavre (Dyle)";"Sciensano Foodborne Pathogens";961.54;78290;13546.26;"SARS";77.12;2273208781709.03;0.00569308429042407
2025-10-27;"Brugge";"Sciensano Foodborne Pathogens";6429.21;180586;6751.84;"SARS";40.705;3478023674703.47;0.00602872698405175
2025-10-27;"Brussels-North";"Sciensano Foodborne Pathogens";22332.92;1080145;13658.74;"SARS";11.79;585043956431.775;0.000863183573301783
2025-10-27;"Brussels-South";"Sciensano Foodborne Pathogens";4060;249307;7343.15;"SARS";15.92;622222721383.675;0.00216800691801202
2025-10-27;"Dendermonde";"University of Antwerpen Laboratory for Microbiology, Parasitology and Hygiene (LMPH)";2989.88;69500;4747.06;"SARS";NA;NA;NA
2025-10-27;"Deurne";"University of Antwerpen Laboratory for Microbiology, Parasitology and Hygiene (LMPH)";4619.54;215592;16551.93;"SARS";13.28;682928767672.27;0.000802323354436613
2025-10-27;"Genk";"University of Antwerpen Laboratory for Microbiology, Parasitology and Hygiene (LMPH)";2835.71;68582;6350.84;"SARS";18.56;1841793272870.43;0.00292244805411568
2025-10-27;"Gent";"Sciensano Foodborne Pathogens";7365.25;220130;9327.86;"SARS";17.83;1431762040612.37;0.00191147808822174
2025-10-27;"Grimbergen";"Sciensano Foodborne Pathogens";4001.63;107643;5971.06;"SARS";NA;NA;NA
2025-10-27;"Harelbeke";"Sciensano Foodborne Pathogens";NA;107894;5142.23;"SARS";8.63;NA;0.00167826021006451
2025-10-27;"Hasselt";"University of Antwerpen Laboratory for Microbiology, Parasitology and Hygiene (LMPH)";2672.67;69586;4988.58;"SARS";10.25;944840657603.541;0.00205469291862614
2025-10-27;"Leuven";"Sciensano Foodborne Pathogens";4101.5;120939;7136.22;"SARS";9.7;789513060303.128;0.00135926302720488
2025-10-27;"Liedekerke";"Sciensano Foodborne Pathogens";3009.58;101075;8395.84;"SARS";21.295;1521777043185.75;0.00253637515722072
2025-10-27;"Liège Oupeye";"Sciensano Foodborne Pathogens";5616.67;253780;NA;"SARS";NA;NA;NA
2025-10-27;"Liège Sclessin";"Sciensano Foodborne Pathogens";3242.08;142240;14993.16;"SARS";12.475;682423194600.675;0.000832046079679
2025-10-27;"Marche-en-Famenne";"Sciensano Foodborne Pathogens";691.46;8633;6715.8;"SARS";NA;NA;NA
2025-10-27;"Marchienne-au-Pont";"Sciensano Foodborne Pathogens";816;52017;9587.76;"SARS";NA;NA;NA
2025-10-27;"Mechelen-Noord";"University of Antwerpen Laboratory for Microbiology, Parasitology and Hygiene (LMPH)";3136.08;98143;10719.29;"SARS";11.11;852026503367.535;0.0010364492424405
2025-10-27;"Montignies-sur-Sambre";"Sciensano Foodborne Pathogens";2142;123576;12987.16;"SARS";NA;NA;NA
2025-10-27;"Mornimont";"Sciensano Foodborne Pathogens";256.67;34139;5687.14;"SARS";15.97;288164496909.693;0.00280808983074093
2025-10-27;"Namur-Brumagne";"Sciensano Foodborne Pathogens";1248.21;82175;9136.22;"SARS";11.77;429077408944.326;0.00128827896000753
2025-10-27;"Oostende";"Sciensano Foodborne Pathogens";5276;135491;2157.25;"SARS";NA;NA;NA
2025-10-27;"Roselies";"Sciensano Foodborne Pathogens";1403;96890;16689.58;"SARS";13.86;481673980802.972;0.000830458285948478
2025-10-27;"Tessenderlo";"University of Antwerpen Laboratory for Microbiology, Parasitology and Hygiene (LMPH)";1736.5;45125;8887.5;"SARS";17.79;1643027235457.06;0.00200168776371308
2025-10-27;"Vallée du Hain (l'Orchis)";"Sciensano Foodborne Pathogens";550;57826;11366.63;"SARS";12.57;286936672085.221;0.00110586866995759
2025-10-27;"Wasmuel";"Sciensano Foodborne Pathogens";1286.09;157343;12485.38;"SARS";17.3;339376119687.562;0.00138562062187935
2025-11-03;"Aalst";"Sciensano Foodborne Pathogens";706;98357;5748.29;"SARS";9.17;157971959291.154;0.00159525702426287
2025-11-03;"Antwerpen-Noord";"University of Antwerpen Laboratory for Microbiology, Parasitology and Hygiene (LMPH)";721.54;73974;9922.36;"SARS";9.555;223677985238.057;0.000962976549933685
2025-11-03;"Antwerpen-Zuid";"University of Antwerpen Laboratory for Microbiology, Parasitology and Hygiene (LMPH)";1765.08;178677;14523.57;"SARS";9.07;215037533873.974;0.000624502102444509
2025-11-03;"Arlon";"Sciensano Foodborne Pathogens";690.63;19440;4585.31;"SARS";NA;NA;NA
2025-11-03;"Basse Wavre (Dyle)";"Sciensano Foodborne Pathogens";638.88;78290;10222.76;"SARS";15.855;310520650913.271;0.00155095101518572
2025-11-03;"Brugge";"Sciensano Foodborne Pathogens";1892.75;180586;3326.78;"SARS";NA;NA;NA
2025-11-03;"Brussels-North";"Sciensano Foodborne Pathogens";11492.92;1080145;7714.43;"SARS";9.19;234679458331.983;0.00119127401506009
2025-11-03;"Brussels-South";"Sciensano Foodborne Pathogens";2212;249307;10257.7;"SARS";12.34;262770768570.477;0.00120299872291059
2025-11-03;"Dendermonde";"University of Antwerpen Laboratory for Microbiology, Parasitology and Hygiene (LMPH)";512;69500;1976.63;"SARS";8.04;142151827338.129;0.00406752907726787
2025-11-03;"Deurne";"University of Antwerpen Laboratory for Microbiology, Parasitology and Hygiene (LMPH)";1683.96;215592;12143.75;"SARS";10.29;192897121228.988;0.000847349459598559
2025-11-03;"Genk";"University of Antwerpen Laboratory for Microbiology, Parasitology and Hygiene (LMPH)";NA;68582;6445.3;"SARS";15.815;NA;0.00245372597086249
2025-11-03;"Gent";"Sciensano Foodborne Pathogens";1655.67;220130;8048.59;"SARS";10.74;193869758415.482;0.00133439521705044
2025-11-03;"Grimbergen";"Sciensano Foodborne Pathogens";799.29;107643;9050.5;"SARS";8.7;155041899612.608;0.000961272857853157
2025-11-03;"Harelbeke";"Sciensano Foodborne Pathogens";952.17;107894;3631.99;"SARS";11.915;252361144456.596;0.00328057070641714
2025-11-03;"Leuven";"Sciensano Foodborne Pathogens";1118.79;120939;9134.58;"SARS";15.335;340468725225.114;0.00167878545045311
2025-11-03;"Liedekerke";"Sciensano Foodborne Pathogens";829.5;101075;7576.3;"SARS";8.41;165645589908.484;0.00111004052109869
2025-11-03;"Liège Oupeye";"Sciensano Foodborne Pathogens";4174.58;253780;5164.61;"SARS";NA;NA;NA
2025-11-03;"Liège Sclessin";"Sciensano Foodborne Pathogens";2112.92;142240;4828.82;"SARS";9.17;326920299212.598;0.0018990146661089
2025-11-03;"Marche-en-Famenne";"Sciensano Foodborne Pathogens";437.29;8633;5527.7;"SARS";NA;NA;NA
2025-11-03;"Marchienne-au-Pont";"Sciensano Foodborne Pathogens";952;52017;3808.35;"SARS";NA;NA;NA
2025-11-03;"Montignies-sur-Sambre";"Sciensano Foodborne Pathogens";1862;123576;7089.26;"SARS";NA;NA;NA
2025-11-03;"Mornimont";"Sciensano Foodborne Pathogens";330.42;34139;5362.81;"SARS";NA;NA;NA
2025-11-03;"Namur-Brumagne";"Sciensano Foodborne Pathogens";803.83;82175;10870.86;"SARS";16.21;380556158442.349;0.00149114237512028
2025-11-03;"Oostende";"Sciensano Foodborne Pathogens";1768.08;135491;1639.09;"SARS";NA;NA;NA
2025-11-03;"Roselies";"Sciensano Foodborne Pathogens";1056;96890;7663.11;"SARS";NA;NA;NA
2025-11-03;"Tessenderlo";"University of Antwerpen Laboratory for Microbiology, Parasitology and Hygiene (LMPH)";489.79;45125;11432.72;"SARS";21.25;553557673130.194;0.00185870029179408
2025-11-03;"Vallée du Hain (l'Orchis)";"Sciensano Foodborne Pathogens";454;57826;7744.46;"SARS";9.17;172787880884.031;0.00118407222711461
2025-11-03;"Wasmuel";"Sciensano Foodborne Pathogens";1388.95;157343;3419.6;"SARS";NA;NA;NA
2025-11-10;"Aalst";"Sciensano Foodborne Pathogens";842.79;98357;7634.17;"SARS";NA;NA;NA
2025-11-10;"Antwerpen-Noord";"University of Antwerpen Laboratory for Microbiology, Parasitology and Hygiene (LMPH)";703.67;73974;12838.47;"SARS";11.8;269391061724.39;0.000919112635695687
2025-11-10;"Antwerpen-Zuid";"University of Antwerpen Laboratory for Microbiology, Parasitology and Hygiene (LMPH)";1910.71;178677;7115.41;"SARS";NA;NA;NA
2025-11-10;"Arlon";"Sciensano Foodborne Pathogens";375.33;19440;9962.86;"SARS";9.16;424447259259.259;0.000919414706218897
2025-11-10;"Basse Wavre (Dyle)";"Sciensano Foodborne Pathogens";716.42;78290;14278.99;"SARS";16.615;364899270915.826;0.00116359770543995
2025-11-10;"Brugge";"Sciensano Foodborne Pathogens";1879.54;180586;11819.26;"SARS";8.65;216070184842.679;0.00073185630910903
2025-11-10;"Brussels-North";"Sciensano Foodborne Pathogens";13155.83;1080145;8654.65;"SARS";NA;NA;NA
2025-11-10;"Brussels-South";"Sciensano Foodborne Pathogens";2506;249307;11414.68;"SARS";22.175;534960189645.698;0.00194267382002824
2025-11-10;"Dendermonde";"University of Antwerpen Laboratory for Microbiology, Parasitology and Hygiene (LMPH)";747;69500;3454.17;"SARS";NA;NA;NA
2025-11-10;"Deurne";"University of Antwerpen Laboratory for Microbiology, Parasitology and Hygiene (LMPH)";1924.96;215592;14594.01;"SARS";8.85;189645953467.661;0.000606413179105674
2025-11-10;"Genk";"University of Antwerpen Laboratory for Microbiology, Parasitology and Hygiene (LMPH)";1424.04;68582;12634.88;"SARS";14.53;724083912396.839;0.00114999113564988
2025-11-10;"Gent";"Sciensano Foodborne Pathogens";1899.75;220130;11149.32;"SARS";27.615;571970340253.487;0.00247683266782189
2025-11-10;"Grimbergen";"Sciensano Foodborne Pathogens";936.63;107643;7883.69;"SARS";8.12;169570203728.993;0.001029974542378
2025-11-10;"Harelbeke";"Sciensano Foodborne Pathogens";1406.25;107894;3189.19;"SARS";NA;NA;NA
2025-11-10;"Hasselt";"University of Antwerpen Laboratory for Microbiology, Parasitology and Hygiene (LMPH)";958.75;69586;8423.56;"SARS";22.515;744503420228.207;0.00267286040581417
2025-11-10;"Leuven";"Sciensano Foodborne Pathogens";1298.33;120939;5567.02;"SARS";NA;NA;NA
2025-11-10;"Liedekerke";"Sciensano Foodborne Pathogens";1043.71;101075;9078.89;"SARS";NA;NA;NA
2025-11-10;"Liège Oupeye";"Sciensano Foodborne Pathogens";1544.58;253780;9295.1;"SARS";NA;NA;NA
2025-11-10;"Liège Sclessin";"Sciensano Foodborne Pathogens";1544.58;142240;10163.24;"SARS";15.63;407341710911.136;0.00153789539556283
2025-11-10;"Marche-en-Famenne";"Sciensano Foodborne Pathogens";207.13;8633;1942.12;"SARS";NA;NA;NA
2025-11-10;"Marchienne-au-Pont";"Sciensano Foodborne Pathogens";875;52017;12615.33;"SARS";19.345;780985062575.696;0.00153345176067531
2025-11-10;"Mechelen-Noord";"University of Antwerpen Laboratory for Microbiology, Parasitology and Hygiene (LMPH)";897.96;98143;9317.01;"SARS";NA;NA;NA
2025-11-10;"Montignies-sur-Sambre";"Sciensano Foodborne Pathogens";1993;123576;14756.74;"SARS";8.89;344101184696.057;0.000602436581521393
2025-11-10;"Mornimont";"Sciensano Foodborne Pathogens";316.67;34139;5307.12;"SARS";NA;NA;NA
2025-11-10;"Namur-Brumagne";"Sciensano Foodborne Pathogens";912.83;82175;13101.27;"SARS";10.73;286062648737.451;0.000819004569785983
2025-11-10;"Oostende";"Sciensano Foodborne Pathogens";1732.63;135491;4200.92;"SARS";NA;NA;NA
2025-11-10;"Roselies";"Sciensano Foodborne Pathogens";1212;96890;5837.83;"SARS";NA;NA;NA
2025-11-10;"Tessenderlo";"University of Antwerpen Laboratory for Microbiology, Parasitology and Hygiene (LMPH)";356.46;45125;13468.88;"SARS";10.69;202666764764.543;0.000793681434536502
2025-11-10;"Vallée du Hain (l'Orchis)";"Sciensano Foodborne Pathogens";1361.29;57826;5965.6;"SARS";NA;NA;NA
2025-11-17;"Aalst";"Sciensano Foodborne Pathogens";955.54;98357;9331.14;"SARS";32.415;755789520217.168;0.00347385206952205
2025-11-17;"Antwerpen-Noord";"University of Antwerpen Laboratory for Microbiology, Parasitology and Hygiene (LMPH)";942.38;73974;16669.42;"SARS";24.31;743264102522.508;0.00145835907908014
2025-11-17;"Antwerpen-Zuid";"University of Antwerpen Laboratory for Microbiology, Parasitology and Hygiene (LMPH)";2366.75;178677;10590.31;"SARS";9.45;300418576537.551;0.000892325153843466
2025-11-17;"Arlon";"Sciensano Foodborne Pathogens";493.5;19440;12592.4;"SARS";21.565;1313867592592.59;0.00171254089768432
2025-11-17;"Basse Wavre (Dyle)";"Sciensano Foodborne Pathogens";716.42;78290;14865.94;"SARS";14.465;317680887980.585;0.000973029623421055
2025-11-17;"Brugge";"Sciensano Foodborne Pathogens";2347.5;180586;6256.61;"SARS";NA;NA;NA
2025-11-17;"Brussels-North";"Sciensano Foodborne Pathogens";13129.17;1080145;12163.79;"SARS";NA;NA;NA
2025-11-17;"Brussels-South";"Sciensano Foodborne Pathogens";2541;249307;11562.64;"SARS";13.045;319099054579.294;0.0011282025558177
2025-11-17;"Dendermonde";"University of Antwerpen Laboratory for Microbiology, Parasitology and Hygiene (LMPH)";990.92;69500;6543.32;"SARS";NA;NA;NA
2025-11-17;"Deurne";"University of Antwerpen Laboratory for Microbiology, Parasitology and Hygiene (LMPH)";2004.29;215592;13376.46;"SARS";8.38;186974843593.454;0.000626473670911437
2025-11-17;"Genk";"University of Antwerpen Laboratory for Microbiology, Parasitology and Hygiene (LMPH)";NA;68582;13024.76;"SARS";15.89;NA;0.00121998409183739
2025-11-17;"Gent";"Sciensano Foodborne Pathogens";2436.21;220130;8407.85;"SARS";8.63;229222648071.594;0.00102642173682927
2025-11-17;"Grimbergen";"Sciensano Foodborne Pathogens";1078.17;107643;8370.73;"SARS";NA;NA;NA
2025-11-17;"Harelbeke";"Sciensano Foodborne Pathogens";1358.67;107894;3058.15;"SARS";NA;NA;NA
2025-11-17;"Hasselt";"University of Antwerpen Laboratory for Microbiology, Parasitology and Hygiene (LMPH)";969.42;69586;9688.19;"SARS";9.37;313285962118.817;0.000967156919920026
2025-11-17;"Leuven";"Sciensano Foodborne Pathogens";1740.54;120939;3425.6;"SARS";NA;NA;NA
2025-11-17;"Liedekerke";"Sciensano Foodborne Pathogens";1256.58;101075;NA;"SARS";NA;NA;NA
2025-11-17;"Liège Oupeye";"Sciensano Foodborne Pathogens";3155.42;253780;5027.57;"SARS";NA;NA;NA
2025-11-17;"Liège Sclessin";"Sciensano Foodborne Pathogens";1285;142240;11552.27;"SARS";12.445;269828318335.208;0.00107727745282962
2025-11-17;"Marche-en-Famenne";"Sciensano Foodborne Pathogens";248.63;8633;6661.2;"SARS";NA;NA;NA
2025-11-17;"Marchienne-au-Pont";"Sciensano Foodborne Pathogens";1183;52017;2937.48;"SARS";NA;NA;NA
2025-11-17;"Mechelen-Noord";"University of Antwerpen Laboratory for Microbiology, Parasitology and Hygiene (LMPH)";1307.88;98143;10403.34;"SARS";NA;NA;NA
2025-11-17;"Montignies-sur-Sambre";"Sciensano Foodborne Pathogens";1443;123576;14977.33;"SARS";13.645;382399203728.879;0.000911043557162725
2025-11-17;"Mornimont";"Sciensano Foodborne Pathogens";327.92;34139;6542.17;"SARS";NA;NA;NA
2025-11-17;"Namur-Brumagne";"Sciensano Foodborne Pathogens";900.96;82175;11760.29;"SARS";9.8;257871362336.477;0.000833312783953457
2025-11-17;"Oostende";"Sciensano Foodborne Pathogens";1933.38;135491;4601.69;"SARS";10.445;357706193326.494;0.00226981826242098
2025-11-17;"Roselies";"Sciensano Foodborne Pathogens";1296;96890;2664.48;"SARS";NA;NA;NA
2025-11-17;"Tessenderlo";"University of Antwerpen Laboratory for Microbiology, Parasitology and Hygiene (LMPH)";444.83;45125;8888.14;"SARS";8.43;199441563656.51;0.000948454907325942
2025-11-17;"Vallée du Hain (l'Orchis)";"Sciensano Foodborne Pathogens";550;57826;5132.95;"SARS";NA;NA;NA
2025-11-17;"Wasmuel";"Sciensano Foodborne Pathogens";1308.3;157343;17892.97;"SARS";NA;NA;NA
2025-11-24;"Aalst";"Sciensano Foodborne Pathogens";2998.08;98357;7610.69;"SARS";41.52;3037431762253.83;0.00545548432533712
2025-11-24;"Antwerpen-Noord";"University of Antwerpen Laboratory for Microbiology, Parasitology and Hygiene (LMPH)";1190.04;73974;2120.01;"SARS";9.94;383778006326.547;0.00468865712897581
2025-11-24;"Antwerpen-Zuid";"University of Antwerpen Laboratory for Microbiology, Parasitology and Hygiene (LMPH)";3893.71;178677;9931.84;"SARS";9.93;519344385231.451;0.00099981473724909
2025-11-24;"Arlon";"Sciensano Foodborne Pathogens";854.63;19440;8597.86;"SARS";NA;NA;NA
2025-11-24;"Basse Wavre (Dyle)";"Sciensano Foodborne Pathogens";1261.46;78290;5526.61;"SARS";NA;NA;NA
2025-11-24;"Brugge";"Sciensano Foodborne Pathogens";3761.63;180586;5092;"SARS";NA;NA;NA
2025-11-24;"Brussels-North";"Sciensano Foodborne Pathogens";26166.67;1080145;10839.19;"SARS";NA;NA;NA
2025-11-24;"Brussels-South";"Sciensano Foodborne Pathogens";6270;249307;18628.97;"SARS";49.99;3017362208040.69;0.00268345485552878
2025-11-24;"Dendermonde";"University of Antwerpen Laboratory for Microbiology, Parasitology and Hygiene (LMPH)";2851.83;69500;3518.55;"SARS";11.21;1103965961438.85;0.00318597149393927
2025-11-24;"Deurne";"University of Antwerpen Laboratory for Microbiology, Parasitology and Hygiene (LMPH)";3701.75;215592;8462.31;"SARS";9.35;385298480463.097;0.00110489925327718
2025-11-24;"Genk";"University of Antwerpen Laboratory for Microbiology, Parasitology and Hygiene (LMPH)";2322.75;68582;10872.19;"SARS";13.305;1081479878102.13;0.00122376448535208
2025-11-24;"Gent";"Sciensano Foodborne Pathogens";5060.63;220130;7199.01;"SARS";9.285;512293094625.903;0.0012897606754262
2025-11-24;"Grimbergen";"Sciensano Foodborne Pathogens";2490.58;107643;13047.76;"SARS";NA;NA;NA
2025-11-24;"Harelbeke";"Sciensano Foodborne Pathogens";5463.33;107894;2685.23;"SARS";NA;NA;NA
2025-11-24;"Hasselt";"University of Antwerpen Laboratory for Microbiology, Parasitology and Hygiene (LMPH)";2244.54;69586;8772.16;"SARS";11.84;916575872158.193;0.00134972458322694
2025-11-24;"Leuven";"Sciensano Foodborne Pathogens";3446.71;120939;8552;"SARS";23.44;1603272044253.71;0.00274087932647334
2025-11-24;"Liedekerke";"Sciensano Foodborne Pathogens";3638.71;101075;5192.46;"SARS";NA;NA;NA
2025-11-24;"Liège Oupeye";"Sciensano Foodborne Pathogens";2820;253780;17573.56;"SARS";NA;NA;NA
2025-11-24;"Liège Sclessin";"Sciensano Foodborne Pathogens";1332.08;142240;14641.54;"SARS";19.7;442777997750.281;0.0013454868818444
2025-11-24;"Marche-en-Famenne";"Sciensano Foodborne Pathogens";378.25;8633;5244.88;"SARS";NA;NA;NA
2025-11-24;"Marchienne-au-Pont";"Sciensano Foodborne Pathogens";1234;52017;13125.29;"SARS";14.64;833531806909.28;0.00111540392631325
2025-11-24;"Mechelen-Noord";"University of Antwerpen Laboratory for Microbiology, Parasitology and Hygiene (LMPH)";2557.33;98143;9333.82;"SARS";NA;NA;NA
2025-11-24;"Montignies-sur-Sambre";"Sciensano Foodborne Pathogens";1464;123576;9102.91;"SARS";8.4;238834725189.357;0.000922781835698694
2025-11-24;"Mornimont";"Sciensano Foodborne Pathogens";327.08;34139;7387.38;"SARS";NA;NA;NA
2025-11-24;"Namur-Brumagne";"Sciensano Foodborne Pathogens";933.38;82175;10297.01;"SARS";22.365;609675751505.932;0.00217198973294189
2025-11-24;"Oostende";"Sciensano Foodborne Pathogens";3507.42;135491;1368.28;"SARS";NA;NA;NA
2025-11-24;"Roselies";"Sciensano Foodborne Pathogens";1555;96890;9803.98;"SARS";NA;NA;NA
2025-11-24;"Tessenderlo";"University of Antwerpen Laboratory for Microbiology, Parasitology and Hygiene (LMPH)";919.83;45125;9746.91;"SARS";16.995;831424399778.393;0.00174362951950926
2025-11-24;"Vallée du Hain (l'Orchis)";"Sciensano Foodborne Pathogens";1518;57826;9924.1;"SARS";NA;NA;NA
2025-11-24;"Wasmuel";"Sciensano Foodborne Pathogens";1614.01;157343;9498.76;"SARS";NA;NA;NA
